0,0,99,0,1,0
0,0.3,98.7135,0.283773,0.957701,0.045058
0,0.6,98.4392,0.544433,0.928038,0.0883289
0,0.9,98.1736,0.786474,0.909591,0.130367
0,1.2,97.9134,1.01379,0.901175,0.171664
0,1.5,97.6558,1.22976,0.901803,0.212661
0,1.8,97.3982,1.43735,0.910656,0.253758
0,2.1,97.1385,1.63914,0.927065,0.295315
0,2.4,96.8744,1.83742,0.950488,0.337668
0,2.7,96.6042,2.03423,0.980491,0.381127
0,3,96.3259,2.23137,1.01674,0.425983
0,3.3,96.038,2.43047,1.05898,0.472514
0,3.6,95.739,2.63303,1.10702,0.520987
0,3.9,95.4272,2.84038,1.16076,0.57166
0,4.2,95.1013,3.05376,1.22013,0.624788
0,4.5,94.7599,3.27434,1.28512,0.680622
0,4.8,94.4016,3.50318,1.35576,0.739414
0,5.1,94.0252,3.74131,1.43212,0.801417
0,5.4,93.6291,3.98967,1.51431,0.866888
0,5.7,93.2122,4.2492,1.60248,0.936087
0,6,92.7732,4.52075,1.69677,1.00928
0,6.3,92.3107,4.80518,1.7974,1.08675
0,6.6,91.8234,5.10328,1.90456,1.16877
0,6.9,91.31,5.41585,2.01851,1.25564
0,7.2,90.7692,5.74363,2.13949,1.34766
0,7.5,90.1998,6.08733,2.26776,1.44515
0,7.8,89.6003,6.44765,2.40363,1.54844
0,8.1,88.9695,6.82524,2.54738,1.65785
0,8.4,88.3062,7.22071,2.69933,1.77375
0,8.7,87.6091,7.63465,2.85978,1.8965
0,9,86.8769,8.06756,3.02907,2.02648
0,9.3,86.1085,8.51992,3.20751,2.16408
0,9.6,85.3027,8.99213,3.39545,2.30971
0,9.9,84.4585,9.48454,3.59319,2.46379
0,10.2,83.5748,9.99739,3.80108,2.62676
0,10.5,82.6507,10.5308,4.01941,2.79905
0,10.8,81.6854,11.085,4.24851,2.98114
0,11.1,80.6781,11.6597,4.48865,3.1735
0,11.4,79.6283,12.255,4.74011,3.3766
0,11.7,78.5355,12.8704,5.00314,3.59095
0,12,77.3995,13.5055,5.27796,3.81705
0,12.3,76.2201,14.1597,5.56477,4.05542
0,12.6,74.9973,14.8324,5.86372,4.30656
0,12.9,73.7316,15.5224,6.17494,4.57102
0,13.2,72.4234,16.2288,6.49849,4.84931
0,13.5,71.0735,16.9501,6.83439,5.14196
0,13.8,69.6829,17.685,7.1826,5.4495
0,14.1,68.2529,18.4316,7.54304,5.77245
0,14.4,66.785,19.1882,7.91553,6.11131
0,14.7,65.281,19.9526,8.29985,6.46661
0,15,63.7431,20.7224,8.69568,6.83881
0,15.3,62.1736,21.4953,9.10265,7.22841
0,15.6,60.5753,22.2686,9.52028,7.63583
0,15.9,58.951,23.0394,9.94802,8.06152
0,16.2,57.304,23.8049,10.3852,8.50587
0,16.5,55.6377,24.5618,10.8312,8.96924
0,16.8,53.9557,25.3072,11.2851,9.45196
0,17.1,52.2619,26.0377,11.7461,9.95432
0,17.4,50.5603,26.7501,12.2131,10.4766
0,17.7,48.855,27.4411,12.6851,11.0189
0,18,47.1502,28.1075,13.1609,11.5814
0,18.3,45.4503,28.7461,13.6394,12.1643
0,18.6,43.7594,29.3538,14.1193,12.7675
0,18.9,42.082,29.9278,14.5992,13.391
0,19.2,40.4221,30.4653,15.0778,14.0347
0,19.5,38.7839,30.9639,15.5537,14.6985
0,19.8,37.1713,31.4211,16.0254,15.3821
0,20.1,35.588,31.8351,16.4915,16.0854
0,20.4,34.0375,32.2042,16.9505,16.8078
0,20.7,32.5231,32.5269,17.401,17.549
0,21,31.0477,32.8022,17.8415,18.3086
0,21.3,29.614,33.0294,18.2708,19.0859
0,21.6,28.2243,33.208,18.6873,19.8804
0,21.9,26.8806,33.3381,19.0899,20.6914
0,22.2,25.5846,33.42,19.4773,21.5181
0,22.5,24.3376,33.4542,19.8483,22.3599
0,22.8,23.1405,33.4416,20.202,23.2158
0,23.1,21.994,33.3835,20.5373,24.0851
0,23.4,20.8984,33.2814,20.8534,24.9668
0,23.7,19.8538,33.1368,21.1496,25.8599
0,24,18.8598,32.9516,21.425,26.7636
0,24.3,17.916,32.7281,21.6793,27.6767
0,24.6,17.0216,32.4682,21.9119,28.5983
0,24.9,16.1756,32.1744,22.1225,29.5274
0,25.2,15.377,31.8491,22.311,30.4629
0,25.5,14.6245,31.4947,22.4771,31.4037
0,25.8,13.9165,31.1137,22.6209,32.3489
0,26.1,13.2516,30.7086,22.7424,33.2974
0,26.4,12.6282,30.2818,22.8419,34.2481
0,26.7,12.0446,29.8358,22.9195,35.2
0,27,11.499,29.373,22.9757,36.1522
0,27.3,10.9898,28.8957,23.0109,37.1036
0,27.6,10.5152,28.406,23.0254,38.0534
0,27.9,10.0734,27.9062,23.02,39.0004
0,28.2,9.66284,27.3981,22.9951,39.944
0,28.5,9.28172,26.8837,22.9514,40.8831
0,28.8,8.92844,26.3649,22.8897,41.817
0,29.1,8.60141,25.8431,22.8106,42.7448
0,29.4,8.29911,25.3201,22.715,43.6659
0,29.7,8.02005,24.7971,22.6034,44.5794
0,30,7.76284,24.2756,22.4769,45.4847
0,30.3,7.52613,23.7567,22.3361,46.3811
0,30.6,7.30865,23.2415,22.1819,47.268
0,30.9,7.10917,22.731,22.015,48.1448
0,31.2,6.92657,22.226,21.8364,49.0111
0,31.5,6.75976,21.7273,21.6467,49.8663
0,31.8,6.60772,21.2356,21.4468,50.7099
0,32.1,6.46952,20.7515,21.2374,51.5416
0,32.4,6.34424,20.2755,21.0194,52.3609
0,32.7,6.23107,19.808,20.7933,53.1675
0,33,6.12922,19.3495,20.5601,53.9612
0,33.3,6.03796,18.9002,20.3203,54.7415
0,33.6,5.95661,18.4603,20.0747,55.5084
0,33.9,5.88455,18.0301,19.8239,56.2615
0,34.2,5.82119,17.6097,19.5685,57.0006
0,34.5,5.76598,17.1992,19.3091,57.7257
0,34.8,5.71842,16.7986,19.0464,58.4366
0,35.1,5.67803,16.408,18.7808,59.1332
0,35.4,5.64438,16.0273,18.5129,59.8154
0,35.7,5.61707,15.6566,18.2432,60.4832
0,36,5.59572,15.2957,17.9721,61.1365
0,36.3,5.57998,14.9445,17.7002,61.7753
0,36.6,5.56954,14.603,17.4277,62.3997
0,36.9,5.56408,14.271,17.1552,63.0097
0,37.2,5.56334,13.9484,16.883,63.6052
0,37.5,5.56706,13.6349,16.6115,64.1865
0,37.8,5.575,13.3306,16.3409,64.7535
0,38.1,5.58694,13.0351,16.0716,65.3064
0,38.4,5.60267,12.7482,15.8038,65.8453
0,38.7,5.622,12.4699,15.5379,66.3702
0,39,5.64475,12.1999,15.274,66.8813
0,39.3,5.67077,11.938,15.0124,67.3789
0,39.6,5.69989,11.6839,14.7533,67.8629
0,39.9,5.73197,11.4376,14.4968,68.3336
0,40.2,5.76688,11.1988,14.2432,68.7911
0,40.5,5.8045,10.9673,13.9926,69.2356
0,40.8,5.8447,10.7429,13.745,69.6674
0,41.1,5.88738,10.5254,13.5008,70.0865
0,41.4,5.93244,10.3145,13.2599,70.4931
0,41.7,5.97977,10.1102,13.0224,70.8876
0,42,6.0293,9.91222,12.7885,71.27
0,42.3,6.08094,9.72034,12.5582,71.6405
0,42.6,6.1346,9.5344,12.3316,71.9994
0,42.9,6.19021,9.35422,12.1087,72.3469
0,43.2,6.2477,9.17961,11.8896,72.6831
0,43.5,6.307,9.01041,11.6742,73.0083
0,43.8,6.36806,8.84644,11.4627,73.3228
0,44.1,6.4308,8.68753,11.2551,73.6266
0,44.4,6.49518,8.53353,11.0513,73.92
0,44.7,6.56113,8.38428,10.8513,74.2032
0,45,6.62861,8.23962,10.6553,74.4765
0,45.3,6.69757,8.0994,10.463,74.74
0,45.6,6.76795,7.96348,10.2746,74.994
0,45.9,6.83972,7.83172,10.09,75.2385
0,46.2,6.91282,7.70399,9.90921,75.474
0,46.5,6.98722,7.58014,9.73217,75.7005
0,46.8,7.06288,7.46006,9.55886,75.9182
0,47.1,7.13976,7.34361,9.38925,76.1274
0,47.4,7.21781,7.23069,9.2233,76.3282
0,47.7,7.297,7.12117,9.06097,76.5209
0,48,7.37731,7.01494,8.90222,76.7055
0,48.3,7.45868,6.9119,8.747,76.8824
0,48.6,7.5411,6.81193,8.59526,77.0517
0,48.9,7.62452,6.71494,8.44695,77.2136
0,49.2,7.70892,6.62084,8.30203,77.3682
0,49.5,7.79426,6.52952,8.16045,77.5158
0,49.8,7.88051,6.4409,8.02214,77.6564
0,50.1,7.96765,6.35488,7.88706,77.7904
0,50.4,8.05565,6.2714,7.75516,77.9178
0,50.7,8.14447,6.19035,7.62637,78.0388
0,51,8.2341,6.11168,7.50064,78.1536
0,51.3,8.32449,6.03529,7.37791,78.2623
0,51.6,8.41564,5.96112,7.25814,78.3651
0,51.9,8.5075,5.8891,7.14125,78.4621
0,52.2,8.60006,5.81916,7.0272,78.5536
0,52.5,8.69329,5.75124,6.91594,78.6395
0,52.8,8.78716,5.68527,6.8074,78.7202
0,53.1,8.88165,5.62119,6.70152,78.7956
0,53.4,8.97674,5.55895,6.59826,78.8661
0,53.7,9.0724,5.49849,6.49756,78.9316
0,54,9.1686,5.43975,6.39936,78.9923
0,54.3,9.26534,5.38269,6.30362,79.0484
0,54.6,9.36257,5.32726,6.21027,79.0999
0,54.9,9.46029,5.2734,6.11926,79.1471
0,55.2,9.55846,5.22107,6.03055,79.1899
0,55.5,9.65707,5.17023,5.94408,79.2286
0,55.8,9.7561,5.12083,5.8598,79.2633
0,56.1,9.85552,5.07284,5.77767,79.294
0,56.4,9.95531,5.02621,5.69762,79.3209
0,56.7,10.0554,4.9809,5.61963,79.344
0,57,10.1559,4.93688,5.54363,79.3636
0,57.3,10.2567,4.89412,5.46958,79.3796
0,57.6,10.3578,4.85258,5.39744,79.3922
0,57.9,10.4591,4.81222,5.32716,79.4015
0,58.2,10.5607,4.77302,5.2587,79.4076
0,58.5,10.6625,4.73495,5.19202,79.4105
0,58.8,10.7646,4.69797,5.12707,79.4104
0,59.1,10.8668,4.66205,5.06381,79.4073
0,59.4,10.9692,4.62718,5.00221,79.4014
0,59.7,11.0718,4.59333,4.94222,79.3927
0,60,11.1744,4.56046,4.8838,79.3813
0,60.3,11.2773,4.52856,4.82693,79.3673
0,60.6,11.3802,4.49761,4.77155,79.3507
0,60.9,11.4832,4.46757,4.71764,79.3316
0,61.2,11.5862,4.43843,4.66517,79.3102
0,61.5,11.6893,4.41017,4.61409,79.2864
0,61.8,11.7925,4.38276,4.56437,79.2604
0,62.1,11.8956,4.35619,4.51598,79.2322
0,62.4,11.9988,4.33045,4.4689,79.2019
0,62.7,12.1019,4.3055,4.42308,79.1695
0,63,12.205,4.28133,4.37851,79.1352
0,63.3,12.308,4.25794,4.33514,79.0989
0,63.6,12.411,4.23529,4.29295,79.0608
0,63.9,12.5139,4.21337,4.25192,79.0208
0,64.2,12.6167,4.19218,4.21202,78.9792
0,64.5,12.7193,4.17169,4.17321,78.9358
0,64.8,12.8218,4.15189,4.13549,78.8908
0,65.1,12.9242,4.13277,4.09881,78.8442
0,65.4,13.0265,4.11431,4.06316,78.7961
0,65.7,13.1285,4.09651,4.02851,78.7465
0,66,13.2303,4.07934,3.99484,78.6955
0,66.3,13.332,4.0628,3.96212,78.6431
0,66.6,13.4334,4.04687,3.93034,78.5894
0,66.9,13.5346,4.03155,3.89948,78.5344
0,67.2,13.6355,4.01682,3.86951,78.4781
0,67.5,13.7362,4.00268,3.84042,78.4207
0,67.8,13.8366,3.98911,3.81218,78.3621
0,68.1,13.9367,3.9761,3.78477,78.3024
0,68.4,14.0365,3.96364,3.75819,78.2417
0,68.7,14.136,3.95173,3.7324,78.1799
0,69,14.2351,3.94036,3.7074,78.1171
0,69.3,14.3339,3.92951,3.68316,78.0534
0,69.6,14.4323,3.91918,3.65967,77.9888
0,69.9,14.5304,3.90936,3.63691,77.9233
0,70.2,14.6281,3.90005,3.61488,77.857
0,70.5,14.7253,3.89123,3.59354,77.7899
0,70.8,14.8222,3.8829,3.5729,77.722
0,71.1,14.9187,3.87505,3.55293,77.6534
0,71.4,15.0147,3.86767,3.53362,77.584
0,71.7,15.1102,3.86076,3.51495,77.5141
0,72,15.2053,3.85431,3.49693,77.4434
0,72.3,15.3,3.84832,3.47952,77.3722
0,72.6,15.3941,3.84277,3.46272,77.3004
0,72.9,15.4878,3.83767,3.44653,77.228
0,73.2,15.5809,3.83301,3.43091,77.1552
0,73.5,15.6735,3.82877,3.41588,77.0818
0,73.8,15.7656,3.82496,3.40141,77.008
0,74.1,15.8572,3.82158,3.38749,76.9338
0,74.4,15.9482,3.8186,3.37411,76.8591
0,74.7,16.0386,3.81604,3.36127,76.7841
0,75,16.1285,3.81388,3.34895,76.7087
0,75.3,16.2178,3.81213,3.33715,76.633
0,75.6,16.3065,3.81076,3.32585,76.5569
0,75.9,16.3945,3.8098,3.31505,76.4806
0,76.2,16.482,3.80921,3.30474,76.4041
0,76.5,16.5688,3.80901,3.2949,76.3273
0,76.8,16.655,3.80919,3.28554,76.2502
0,77.1,16.7406,3.80975,3.27664,76.173
0,77.4,16.8255,3.81067,3.2682,76.0957
0,77.7,16.9097,3.81196,3.26021,76.0182
0,78,16.9932,3.81361,3.25265,75.9405
0,78.3,17.0761,3.81563,3.24553,75.8628
0,78.6,17.1582,3.81799,3.23884,75.7849
0,78.9,17.2397,3.82071,3.23257,75.707
0,79.2,17.3204,3.82378,3.22671,75.6291
0,79.5,17.4004,3.8272,3.22126,75.5511
0,79.8,17.4797,3.83095,3.21621,75.4731
0,80.1,17.5582,3.83504,3.21155,75.3952
0,80.4,17.636,3.83947,3.20729,75.3172
0,80.7,17.713,3.84423,3.20341,75.2393
0,81,17.7893,3.84932,3.19991,75.1615
0,81.3,17.8648,3.85473,3.19678,75.0837
0,81.6,17.9394,3.86047,3.19401,75.0061
0,81.9,18.0133,3.86652,3.19162,74.9285
0,82.2,18.0864,3.8729,3.18957,74.8511
0,82.5,18.1587,3.87958,3.18789,74.7739
0,82.8,18.2301,3.88658,3.18655,74.6968
0,83.1,18.3007,3.89388,3.18555,74.6198
0,83.4,18.3705,3.90149,3.18489,74.5431
0,83.7,18.4395,3.9094,3.18457,74.4666
0,84,18.5076,3.91761,3.18457,74.3903
0,84.3,18.5748,3.92612,3.18491,74.3142
0,84.6,18.6412,3.93492,3.18556,74.2384
0,84.9,18.7066,3.94401,3.18653,74.1628
0,85.2,18.7713,3.95339,3.18782,74.0875
0,85.5,18.835,3.96305,3.18942,74.0126
0,85.8,18.8978,3.973,3.19132,73.9379
0,86.1,18.9597,3.98323,3.19352,73.8635
0,86.4,19.0208,3.99373,3.19603,73.7895
0,86.7,19.0809,4.00451,3.19883,73.7158
0,87,19.1401,4.01556,3.20192,73.6425
0,87.3,19.1983,4.02688,3.2053,73.5695
0,87.6,19.2556,4.03847,3.20896,73.4969
0,87.9,19.312,4.05032,3.21291,73.4247
0,88.2,19.3675,4.06243,3.21713,73.353
0,88.5,19.422,4.07479,3.22163,73.2816
0,88.8,19.4755,4.08741,3.2264,73.2107
0,89.1,19.5281,4.10029,3.23144,73.1402
0,89.4,19.5797,4.11341,3.23675,73.0701
0,89.7,19.6304,4.12678,3.24232,73.0005
0,90,19.6801,4.1404,3.24815,72.9314
0,90.3,19.7288,4.15425,3.25423,72.8628
0,90.6,19.7765,4.16834,3.26057,72.7946
0,90.9,19.8232,4.18267,3.26716,72.727
0,91.2,19.8689,4.19722,3.274,72.6598
0,91.5,19.9137,4.21201,3.28108,72.5932
0,91.8,19.9574,4.22702,3.2884,72.5272
0,92.1,20.0002,4.24225,3.29596,72.4616
0,92.4,20.0419,4.2577,3.30376,72.3966
0,92.7,20.0826,4.27337,3.31179,72.3322
0,93,20.1224,4.28925,3.32006,72.2683
0,93.3,20.1611,4.30534,3.32854,72.2051
0,93.6,20.1987,4.32163,3.33726,72.1424
0,93.9,20.2354,4.33813,3.3462,72.0803
0,94.2,20.2711,4.35482,3.35535,72.0188
0,94.5,20.3057,4.37171,3.36472,71.9579
0,94.8,20.3393,4.38879,3.37431,71.8976
0,95.1,20.3719,4.40606,3.38411,71.838
0,95.4,20.4034,4.42351,3.39411,71.779
0,95.7,20.4339,4.44115,3.40432,71.7206
0,96,20.4634,4.45895,3.41473,71.6629
0,96.3,20.4919,4.47694,3.42534,71.6058
0,96.6,20.5193,4.49509,3.43615,71.5494
0,96.9,20.5457,4.5134,3.44715,71.4937
0,97.2,20.5711,4.53188,3.45834,71.4387
0,97.5,20.5955,4.55051,3.46971,71.3843
0,97.8,20.6188,4.56929,3.48128,71.3307
0,98.1,20.6411,4.58823,3.49302,71.2777
0,98.4,20.6623,4.6073,3.50494,71.2254
0,98.7,20.6826,4.62652,3.51704,71.1739
0,99,20.7018,4.64587,3.52931,71.123
0,99.3,20.72,4.66535,3.54175,71.0729
0,99.6,20.7372,4.68496,3.55436,71.0235
0,99.9,20.7533,4.70469,3.56713,70.9749
0,100.2,20.7685,4.72453,3.58006,70.927
0,100.5,20.7826,4.74449,3.59314,70.8798
0,100.8,20.7957,4.76455,3.60638,70.8334
0,101.1,20.8078,4.78472,3.61977,70.7877
0,101.4,20.819,4.80498,3.63331,70.7428
0,101.7,20.8291,4.82534,3.64698,70.6986
0,102,20.8382,4.84578,3.6608,70.6552
0,102.3,20.8463,4.86631,3.67476,70.6126
0,102.6,20.8535,4.88691,3.68885,70.5708
0,102.9,20.8597,4.90758,3.70307,70.5297
0,103.2,20.8649,4.92832,3.71742,70.4894
0,103.5,20.8691,4.94913,3.73188,70.4499
0,103.8,20.8724,4.96998,3.74647,70.4112
0,104.1,20.8747,4.99089,3.76117,70.3733
0,104.4,20.876,5.01185,3.77599,70.3361
0,104.7,20.8765,5.03284,3.79091,70.2998
0,105,20.8759,5.05386,3.80594,70.2643
0,105.3,20.8745,5.07492,3.82107,70.2295
0,105.6,20.8721,5.096,3.83629,70.1956
0,105.9,20.8688,5.11709,3.85161,70.1625
0,106.2,20.8646,5.1382,3.86701,70.1302
0,106.5,20.8595,5.15931,3.88251,70.0986
0,106.8,20.8536,5.18042,3.89808,70.0679
0,107.1,20.8467,5.20152,3.91373,70.0381
0,107.4,20.839,5.22261,3.92945,70.009
0,107.7,20.8303,5.24369,3.94524,69.9807
0,108,20.8209,5.26474,3.96109,69.9533
0,108.3,20.8106,5.28576,3.97701,69.9266
0,108.6,20.7994,5.30675,3.99298,69.9008
0,108.9,20.7875,5.32769,4.00901,69.8758
0,109.2,20.7747,5.34859,4.02508,69.8516
0,109.5,20.7611,5.36943,4.0412,69.8283
0,109.8,20.7467,5.39021,4.05735,69.8057
0,110.1,20.7316,5.41093,4.07354,69.7839
0,110.4,20.7156,5.43157,4.08976,69.763
0,110.7,20.699,5.45214,4.10601,69.7429
0,111,20.6815,5.47263,4.12228,69.7236
0,111.3,20.6633,5.49303,4.13857,69.7051
0,111.6,20.6444,5.51333,4.15487,69.6874
0,111.9,20.6248,5.53353,4.17118,69.6705
0,112.2,20.6045,5.55362,4.18749,69.6544
0,112.5,20.5835,5.5736,4.2038,69.6391
0,112.8,20.5618,5.59346,4.22011,69.6246
0,113.1,20.5395,5.6132,4.23641,69.6109
0,113.4,20.5165,5.63281,4.25269,69.598
0,113.7,20.4929,5.65228,4.26896,69.5858
0,114,20.4687,5.67161,4.2852,69.5745
0,114.3,20.4438,5.6908,4.30142,69.564
0,114.6,20.4184,5.70983,4.3176,69.5542
0,114.9,20.3924,5.7287,4.33375,69.5452
0,115.2,20.3658,5.74741,4.34986,69.5369
0,115.5,20.3387,5.76595,4.36592,69.5295
0,115.8,20.311,5.78432,4.38193,69.5228
0,116.1,20.2828,5.80251,4.39788,69.5168
0,116.4,20.2541,5.82051,4.41378,69.5116
0,116.7,20.2249,5.83832,4.42961,69.5072
0,117,20.1952,5.85594,4.44538,69.5035
0,117.3,20.1651,5.87336,4.46107,69.5005
0,117.6,20.1345,5.89058,4.47669,69.4983
0,117.9,20.1034,5.90759,4.49223,69.4967
0,118.2,20.072,5.92438,4.50768,69.4959
0,118.5,20.0402,5.94096,4.52304,69.4959
0,118.8,20.0079,5.95731,4.5383,69.4965
0,119.1,19.9753,5.97344,4.55347,69.4978
0,119.4,19.9423,5.98933,4.56853,69.4998
0,119.7,19.909,6.005,4.58349,69.5025
0,120,19.8754,6.02042,4.59834,69.5059
0,120.3,19.8414,6.0356,4.61307,69.5099
0,120.6,19.8071,6.05054,4.62769,69.5146
0,120.9,19.7726,6.06522,4.64218,69.52
0,121.2,19.7378,6.07965,4.65654,69.526
0,121.5,19.7027,6.09383,4.67077,69.5327
0,121.8,19.6674,6.10774,4.68487,69.54
0,122.1,19.6319,6.1214,4.69883,69.5479
0,122.4,19.5961,6.13478,4.71265,69.5564
0,122.7,19.5602,6.1479,4.72632,69.5656
0,123,19.5241,6.16075,4.73985,69.5753
0,123.3,19.4878,6.17333,4.75322,69.5856
0,123.6,19.4514,6.18562,4.76644,69.5965
0,123.9,19.4148,6.19764,4.77949,69.608
0,124.2,19.3782,6.20938,4.79239,69.6201
0,124.5,19.3414,6.22084,4.80511,69.6327
0,124.8,19.3045,6.23202,4.81767,69.6458
0,125.1,19.2675,6.2429,4.83006,69.6595
0,125.4,19.2305,6.25351,4.84227,69.6737
0,125.7,19.1934,6.26382,4.85431,69.6884
0,126,19.1563,6.27384,4.86616,69.7037
0,126.3,19.1192,6.28357,4.87783,69.7194
0,126.6,19.0821,6.29301,4.88932,69.7356
0,126.9,19.0449,6.30216,4.90061,69.7523
0,127.2,19.0078,6.31102,4.91172,69.7695
0,127.5,18.9707,6.31958,4.92263,69.7871
0,127.8,18.9337,6.32785,4.93335,69.8051
0,128.1,18.8967,6.33582,4.94388,69.8236
0,128.4,18.8597,6.34351,4.9542,69.8425
0,128.7,18.8229,6.35089,4.96432,69.8619
0,129,18.7862,6.35799,4.97424,69.8816
0,129.3,18.7495,6.36479,4.98395,69.9017
0,129.6,18.713,6.3713,4.99346,69.9223
0,129.9,18.6766,6.37751,5.00276,69.9431
0,130.2,18.6403,6.38344,5.01185,69.9644
0,130.5,18.6042,6.38907,5.02073,69.986
0,130.8,18.5683,6.39442,5.0294,70.0079
0,131.1,18.5325,6.39947,5.03786,70.0302
0,131.4,18.4969,6.40425,5.0461,70.0528
0,131.7,18.4615,6.40873,5.05412,70.0757
0,132,18.4263,6.41294,5.06194,70.0989
0,132.3,18.3913,6.41686,5.06953,70.1223
0,132.6,18.3565,6.4205,5.07691,70.1461
0,132.9,18.322,6.42386,5.08407,70.1701
0,133.2,18.2877,6.42695,5.09102,70.1943
0,133.5,18.2536,6.42976,5.09774,70.2189
0,133.8,18.2199,6.4323,5.10425,70.2436
0,134.1,18.1863,6.43458,5.11054,70.2685
0,134.4,18.1531,6.43658,5.11661,70.2937
0,134.7,18.1201,6.43833,5.12246,70.3191
0,135,18.0875,6.43981,5.1281,70.3446
0,135.3,18.0551,6.44103,5.13352,70.3704
0,135.6,18.023,6.44199,5.13872,70.3963
0,135.9,17.9913,6.44271,5.1437,70.4223
0,136.2,17.9598,6.44317,5.14847,70.4485
0,136.5,17.9287,6.44339,5.15302,70.4749
0,136.8,17.8979,6.44336,5.15736,70.5014
0,137.1,17.8675,6.4431,5.16148,70.5279
0,137.4,17.8374,6.4426,5.16539,70.5546
0,137.7,17.8076,6.44186,5.16909,70.5814
0,138,17.7782,6.44089,5.17258,70.6083
0,138.3,17.7492,6.4397,5.17586,70.6352
0,138.6,17.7205,6.43828,5.17893,70.6622
0,138.9,17.6922,6.43665,5.18179,70.6893
0,139.2,17.6643,6.4348,5.18445,70.7164
0,139.5,17.6368,6.43274,5.18691,70.7436
0,139.8,17.6096,6.43047,5.18916,70.7707
0,140.1,17.5829,6.42799,5.19121,70.7979
0,140.4,17.5565,6.42532,5.19306,70.8251
0,140.7,17.5305,6.42245,5.19472,70.8523
0,141,17.5049,6.41939,5.19618,70.8795
0,141.3,17.4797,6.41613,5.19745,70.9067
0,141.6,17.4549,6.4127,5.19852,70.9339
0,141.9,17.4305,6.40908,5.19941,70.961
0,142.2,17.4066,6.40529,5.20011,70.988
0,142.5,17.383,6.40132,5.20062,71.0151
0,142.8,17.3599,6.39719,5.20095,71.042
0,143.1,17.3371,6.39289,5.2011,71.0689
0,143.4,17.3148,6.38844,5.20108,71.0957
0,143.7,17.2929,6.38382,5.20087,71.1224
0,144,17.2714,6.37906,5.2005,71.149
0,144.3,17.2503,6.37415,5.19995,71.1756
0,144.6,17.2297,6.36909,5.19923,71.202
0,144.9,17.2095,6.36389,5.19835,71.2283
0,145.2,17.1897,6.35856,5.19731,71.2544
0,145.5,17.1703,6.3531,5.1961,71.2805
0,145.8,17.1513,6.34751,5.19474,71.3064
0,146.1,17.1328,6.34179,5.19322,71.3322
0,146.4,17.1147,6.33596,5.19155,71.3578
0,146.7,17.097,6.33001,5.18973,71.3832
0,147,17.0797,6.32396,5.18776,71.4085
0,147.3,17.0629,6.31779,5.18565,71.4337
0,147.6,17.0465,6.31152,5.1834,71.4586
0,147.9,17.0305,6.30515,5.18101,71.4834
0,148.2,17.0149,6.29869,5.17848,71.5079
0,148.5,16.9997,6.29213,5.17582,71.5323
0,148.8,16.985,6.28549,5.17303,71.5565
0,149.1,16.9706,6.27876,5.17011,71.5805
0,149.4,16.9567,6.27196,5.16707,71.6043
0,149.7,16.9432,6.26508,5.1639,71.6278
0,150,16.9301,6.25812,5.16062,71.6512
0,150.3,16.9174,6.2511,5.15723,71.6743
0,150.6,16.9051,6.24401,5.15372,71.6972
0,150.9,16.8932,6.23686,5.1501,71.7198
0,151.2,16.8817,6.22965,5.14637,71.7423
0,151.5,16.8706,6.22239,5.14254,71.7644
0,151.8,16.86,6.21507,5.13861,71.7864
0,152.1,16.8497,6.20771,5.13458,71.808
0,152.4,16.8398,6.20031,5.13046,71.8295
0,152.7,16.8302,6.19286,5.12625,71.8506
0,153,16.8211,6.18538,5.12194,71.8716
0,153.3,16.8124,6.17786,5.11755,71.8922
0,153.6,16.804,6.17031,5.11308,71.9126
0,153.9,16.796,6.16274,5.10852,71.9327
0,154.2,16.7884,6.15514,5.10389,71.9526
0,154.5,16.7812,6.14751,5.09918,71.9721
0,154.8,16.7743,6.13987,5.0944,71.9914
0,155.1,16.7678,6.13222,5.08955,72.0104
0,155.4,16.7617,6.12455,5.08464,72.0292
0,155.7,16.7559,6.11687,5.07966,72.0476
0,156,16.7504,6.10918,5.07462,72.0658
0,156.3,16.7454,6.10149,5.06952,72.0836
0,156.6,16.7406,6.0938,5.06437,72.1012
0,156.9,16.7362,6.08611,5.05916,72.1185
0,157.2,16.7322,6.07842,5.0539,72.1355
0,157.5,16.7285,6.07074,5.0486,72.1522
0,157.8,16.7251,6.06307,5.04325,72.1686
0,158.1,16.722,6.05541,5.03785,72.1847
0,158.4,16.7193,6.04776,5.03242,72.2005
0,158.7,16.7169,6.04013,5.02695,72.2161
0,159,16.7148,6.03252,5.02144,72.2313
0,159.3,16.713,6.02493,5.01591,72.2462
0,159.6,16.7115,6.01736,5.01034,72.2608
0,159.9,16.7103,6.00982,5.00474,72.2751
0,160.2,16.7095,6.00231,4.99912,72.2891
0,160.5,16.7089,5.99482,4.99347,72.3028
0,160.8,16.7086,5.98736,4.98781,72.3162
0,161.1,16.7086,5.97994,4.98212,72.3293
0,161.4,16.7089,5.97255,4.97642,72.3422
0,161.7,16.7094,5.9652,4.97071,72.3547
0,162,16.7103,5.95789,4.96498,72.3669
0,162.3,16.7114,5.95062,4.95924,72.3788
0,162.6,16.7127,5.9434,4.9535,72.3904
0,162.9,16.7144,5.93621,4.94775,72.4017
0,163.2,16.7163,5.92907,4.942,72.4127
0,163.5,16.7184,5.92198,4.93624,72.4234
0,163.8,16.7208,5.91494,4.93048,72.4338
0,164.1,16.7234,5.90795,4.92473,72.4439
0,164.4,16.7263,5.90101,4.91898,72.4537
0,164.7,16.7294,5.89412,4.91324,72.4632
0,165,16.7327,5.88729,4.9075,72.4725
0,165.3,16.7363,5.88051,4.90178,72.4814
0,165.6,16.7401,5.87379,4.89606,72.49
0,165.9,16.7441,5.86713,4.89036,72.4984
0,166.2,16.7483,5.86052,4.88467,72.5065
0,166.5,16.7528,5.85398,4.879,72.5143
0,166.8,16.7574,5.8475,4.87335,72.5218
0,167.1,16.7622,5.84109,4.86771,72.529
0,167.4,16.7673,5.83473,4.8621,72.5359
0,167.7,16.7725,5.82844,4.85651,72.5426
0,168,16.7779,5.82222,4.85095,72.549
0,168.3,16.7835,5.81606,4.8454,72.5551
0,168.6,16.7892,5.80998,4.83989,72.5609
0,168.9,16.7952,5.80396,4.8344,72.5665
0,169.2,16.8013,5.798,4.82895,72.5717
0,169.5,16.8076,5.79212,4.82352,72.5768
0,169.8,16.814,5.78631,4.81813,72.5815
0,170.1,16.8206,5.78057,4.81277,72.586
0,170.4,16.8274,5.77491,4.80744,72.5903
0,170.7,16.8343,5.76931,4.80215,72.5943
0,171,16.8413,5.76379,4.7969,72.598
0,171.3,16.8485,5.75834,4.79168,72.6015
0,171.6,16.8558,5.75297,4.78651,72.6047
0,171.9,16.8633,5.74767,4.78137,72.6077
0,172.2,16.8709,5.74245,4.77628,72.6104
0,172.5,16.8786,5.7373,4.77122,72.6129
0,172.8,16.8864,5.73223,4.76621,72.6151
0,173.1,16.8944,5.72723,4.76125,72.6172
0,173.4,16.9024,5.72232,4.75633,72.6189
0,173.7,16.9106,5.71748,4.75145,72.6205
0,174,16.9189,5.71271,4.74662,72.6218
0,174.3,16.9272,5.70803,4.74184,72.6229
0,174.6,16.9357,5.70342,4.7371,72.6238
0,174.9,16.9443,5.69889,4.73242,72.6244
0,175.2,16.9529,5.69444,4.72778,72.6249
0,175.5,16.9616,5.69007,4.7232,72.6251
0,175.8,16.9705,5.68577,4.71866,72.6251
0,176.1,16.9793,5.68156,4.71418,72.6249
0,176.4,16.9883,5.67742,4.70975,72.6245
0,176.7,16.9974,5.67336,4.70537,72.6239
0,177,17.0065,5.66938,4.70104,72.6231
0,177.3,17.0156,5.66548,4.69677,72.6221
0,177.6,17.0249,5.66166,4.69255,72.6209
0,177.9,17.0341,5.65792,4.68839,72.6196
0,178.2,17.0435,5.65426,4.68428,72.618
0,178.5,17.0529,5.65067,4.68023,72.6162
0,178.8,17.0623,5.64717,4.67623,72.6143
0,179.1,17.0718,5.64374,4.67229,72.6122
0,179.4,17.0813,5.64039,4.66841,72.6099
0,179.7,17.0908,5.63712,4.66458,72.6075
0,180,17.1004,5.63393,4.66081,72.6049
0,180.3,17.11,5.63081,4.6571,72.6021
0,180.6,17.1196,5.62778,4.65345,72.5991
0,180.9,17.1293,5.62482,4.64986,72.596
0,181.2,17.139,5.62193,4.64632,72.5928
0,181.5,17.1487,5.61913,4.64284,72.5894
0,181.8,17.1584,5.6164,4.63942,72.5858
0,182.1,17.1681,5.61375,4.63606,72.5821
0,182.4,17.1778,5.61117,4.63276,72.5783
0,182.7,17.1875,5.60867,4.62952,72.5743
0,183,17.1973,5.60624,4.62634,72.5702
0,183.3,17.207,5.60389,4.62321,72.5659
0,183.6,17.2167,5.60162,4.62015,72.5615
0,183.9,17.2264,5.59942,4.61715,72.557
0,184.2,17.2361,5.59729,4.6142,72.5524
0,184.5,17.2458,5.59524,4.61132,72.5476
0,184.8,17.2555,5.59325,4.60849,72.5428
0,185.1,17.2651,5.59135,4.60573,72.5378
0,185.4,17.2748,5.58951,4.60302,72.5327
0,185.7,17.2844,5.58775,4.60038,72.5275
0,186,17.294,5.58605,4.59779,72.5222
0,186.3,17.3035,5.58443,4.59526,72.5168
0,186.6,17.3131,5.58288,4.5928,72.5112
0,186.9,17.3226,5.5814,4.59039,72.5056
0,187.2,17.332,5.57998,4.58804,72.4999
0,187.5,17.3415,5.57864,4.58575,72.4942
0,187.8,17.3508,5.57736,4.58351,72.4883
0,188.1,17.3602,5.57615,4.58134,72.4823
0,188.4,17.3695,5.57501,4.57922,72.4763
0,188.7,17.3787,5.57393,4.57717,72.4702
0,189,17.3879,5.57292,4.57517,72.464
0,189.3,17.3971,5.57198,4.57323,72.4577
0,189.6,17.4062,5.5711,4.57134,72.4514
0,189.9,17.4152,5.57028,4.56952,72.445
0,190.2,17.4242,5.56953,4.56775,72.4385
0,190.5,17.4332,5.56884,4.56603,72.432
0,190.8,17.442,5.56821,4.56438,72.4254
0,191.1,17.4508,5.56764,4.56278,72.4187
0,191.4,17.4596,5.56714,4.56123,72.4121
0,191.7,17.4683,5.56669,4.55974,72.4053
0,192,17.4769,5.56631,4.55831,72.3985
0,192.3,17.4854,5.56598,4.55693,72.3917
0,192.6,17.4939,5.56571,4.55561,72.3848
0,192.9,17.5023,5.5655,4.55434,72.3779
0,193.2,17.5106,5.56534,4.55312,72.3709
0,193.5,17.5188,5.56525,4.55196,72.364
0,193.8,17.527,5.5652,4.55085,72.3569
0,194.1,17.5351,5.56522,4.54979,72.3499
0,194.4,17.5431,5.56528,4.54879,72.3428
0,194.7,17.551,5.5654,4.54783,72.3357
0,195,17.5589,5.56557,4.54693,72.3286
0,195.3,17.5666,5.56579,4.54608,72.3215
0,195.6,17.5743,5.56607,4.54528,72.3143
0,195.9,17.5819,5.56639,4.54453,72.3072
0,196.2,17.5894,5.56677,4.54383,72.3
0,196.5,17.5968,5.56719,4.54318,72.2928
0,196.8,17.6042,5.56766,4.54257,72.2856
0,197.1,17.6114,5.56818,4.54202,72.2784
0,197.4,17.6186,5.56875,4.54151,72.2712
0,197.7,17.6256,5.56936,4.54105,72.264
0,198,17.6326,5.57002,4.54064,72.2568
0,198.3,17.6394,5.57072,4.54027,72.2496
0,198.6,17.6462,5.57146,4.53995,72.2424
0,198.9,17.6529,5.57225,4.53968,72.2352
0,199.2,17.6595,5.57308,4.53945,72.228
0,199.5,17.6659,5.57395,4.53926,72.2209
0,199.8,17.6723,5.57486,4.53912,72.2137
0,200.1,17.6786,5.57581,4.53902,72.2066
0,200.4,17.6848,5.5768,4.53896,72.1995
0,200.7,17.6909,5.57783,4.53895,72.1924
0,201,17.6969,5.57889,4.53898,72.1853
0,201.3,17.7027,5.58,4.53904,72.1782
0,201.6,17.7085,5.58114,4.53915,72.1712
0,201.9,17.7142,5.58231,4.5393,72.1642
0,202.2,17.7198,5.58352,4.53949,72.1572
0,202.5,17.7252,5.58476,4.53972,72.1503
0,202.8,17.7306,5.58603,4.53998,72.1434
0,203.1,17.7359,5.58734,4.54028,72.1365
0,203.4,17.741,5.58868,4.54062,72.1297
0,203.7,17.7461,5.59005,4.541,72.1229
0,204,17.7511,5.59144,4.54141,72.1161
0,204.3,17.7559,5.59287,4.54186,72.1094
0,204.6,17.7607,5.59433,4.54234,72.1027
0,204.9,17.7653,5.59581,4.54286,72.096
0,205.2,17.7698,5.59732,4.54341,72.0894
0,205.5,17.7743,5.59885,4.54399,72.0829
0,205.8,17.7786,5.60041,4.54461,72.0764
0,206.1,17.7828,5.602,4.54525,72.0699
0,206.4,17.7869,5.6036,4.54593,72.0635
0,206.7,17.7909,5.60523,4.54664,72.0572
0,207,17.7948,5.60689,4.54738,72.0509
0,207.3,17.7986,5.60856,4.54815,72.0446
0,207.6,17.8023,5.61026,4.54895,72.0384
0,207.9,17.8059,5.61197,4.54977,72.0323
0,208.2,17.8094,5.6137,4.55063,72.0262
0,208.5,17.8128,5.61546,4.55151,72.0202
0,208.8,17.8161,5.61723,4.55242,72.0143
0,209.1,17.8193,5.61901,4.55335,72.0084
0,209.4,17.8224,5.62082,4.55431,72.0025
0,209.7,17.8253,5.62263,4.55529,71.9967
0,210,17.8282,5.62447,4.5563,71.991
0,210.3,17.831,5.62631,4.55733,71.9854
0,210.6,17.8337,5.62817,4.55838,71.9798
0,210.9,17.8362,5.63005,4.55946,71.9743
0,211.2,17.8387,5.63193,4.56056,71.9688
0,211.5,17.8411,5.63383,4.56167,71.9634
0,211.8,17.8433,5.63573,4.56281,71.9581
0,212.1,17.8455,5.63765,4.56397,71.9529
0,212.4,17.8476,5.63957,4.56515,71.9477
0,212.7,17.8496,5.64151,4.56635,71.9426
0,213,17.8515,5.64345,4.56756,71.9375
0,213.3,17.8532,5.6454,4.5688,71.9326
0,213.6,17.8549,5.64735,4.57005,71.9277
0,213.9,17.8565,5.64931,4.57131,71.9229
0,214.2,17.858,5.65128,4.5726,71.9181
0,214.5,17.8594,5.65325,4.5739,71.9134
0,214.8,17.8607,5.65522,4.57521,71.9088
0,215.1,17.862,5.6572,4.57653,71.9043
0,215.4,17.8631,5.65918,4.57787,71.8999
0,215.7,17.8641,5.66116,4.57923,71.8955
0,216,17.8651,5.66314,4.58059,71.8912
0,216.3,17.8659,5.66512,4.58197,71.887
0,216.6,17.8667,5.66711,4.58336,71.8828
0,216.9,17.8674,5.66909,4.58476,71.8787
0,217.2,17.868,5.67107,4.58617,71.8747
0,217.5,17.8685,5.67305,4.58759,71.8708
0,217.8,17.869,5.67503,4.58902,71.867
0,218.1,17.8693,5.677,4.59046,71.8632
0,218.4,17.8696,5.67898,4.5919,71.8595
0,218.7,17.8698,5.68094,4.59335,71.8559
0,219,17.8699,5.68291,4.59482,71.8524
0,219.3,17.8699,5.68487,4.59628,71.849
0,219.6,17.8698,5.68682,4.59775,71.8456
0,219.9,17.8697,5.68877,4.59923,71.8423
0,220.2,17.8695,5.69071,4.60072,71.8391
0,220.5,17.8692,5.69264,4.6022,71.8359
0,220.8,17.8689,5.69457,4.60369,71.8329
0,221.1,17.8684,5.69648,4.60519,71.8299
0,221.4,17.8679,5.69839,4.60669,71.827
0,221.7,17.8673,5.70029,4.60819,71.8242
0,222,17.8667,5.70218,4.60969,71.8214
0,222.3,17.866,5.70407,4.61119,71.8188
0,222.6,17.8652,5.70594,4.6127,71.8162
0,222.9,17.8644,5.7078,4.61421,71.8136
0,223.2,17.8634,5.70964,4.61571,71.8112
0,223.5,17.8625,5.71148,4.61722,71.8088
0,223.8,17.8614,5.71331,4.61872,71.8066
0,224.1,17.8603,5.71512,4.62023,71.8043
0,224.4,17.8591,5.71692,4.62173,71.8022
0,224.7,17.8579,5.7187,4.62323,71.8002
0,225,17.8566,5.72048,4.62472,71.7982
0,225.3,17.8553,5.72223,4.62622,71.7963
0,225.6,17.8539,5.72398,4.62771,71.7944
0,225.9,17.8524,5.72571,4.6292,71.7927
0,226.2,17.8509,5.72742,4.63068,71.791
0,226.5,17.8493,5.72912,4.63216,71.7894
0,226.8,17.8477,5.7308,4.63363,71.7878
0,227.1,17.8461,5.73247,4.6351,71.7864
0,227.4,17.8443,5.73412,4.63656,71.785
0,227.7,17.8426,5.73575,4.63802,71.7836
0,228,17.8408,5.73737,4.63947,71.7824
0,228.3,17.8389,5.73897,4.64092,71.7812
0,228.6,17.837,5.74055,4.64235,71.7801
0,228.9,17.835,5.74212,4.64378,71.7791
0,229.2,17.8331,5.74366,4.6452,71.7781
0,229.5,17.831,5.74519,4.64661,71.7772
0,229.8,17.8289,5.7467,4.64802,71.7763
0,230.1,17.8268,5.74819,4.64941,71.7756
0,230.4,17.8247,5.74966,4.6508,71.7749
0,230.7,17.8225,5.75111,4.65218,71.7742
0,231,17.8203,5.75255,4.65354,71.7736
0,231.3,17.818,5.75396,4.6549,71.7731
0,231.6,17.8157,5.75535,4.65625,71.7727
0,231.9,17.8134,5.75672,4.65758,71.7723
0,232.2,17.811,5.75808,4.65891,71.772
0,232.5,17.8086,5.75941,4.66022,71.7717
0,232.8,17.8062,5.76072,4.66153,71.7715
0,233.1,17.8038,5.76201,4.66282,71.7714
0,233.4,17.8013,5.76328,4.6641,71.7713
0,233.7,17.7988,5.76453,4.66536,71.7713
0,234,17.7963,5.76576,4.66662,71.7713
0,234.3,17.7937,5.76697,4.66786,71.7714
0,234.6,17.7912,5.76815,4.66909,71.7716
0,234.9,17.7886,5.76932,4.67031,71.7718
0,235.2,17.786,5.77046,4.67151,71.7721
0,235.5,17.7833,5.77158,4.6727,71.7724
0,235.8,17.7807,5.77268,4.67387,71.7728
0,236.1,17.778,5.77376,4.67503,71.7732
0,236.4,17.7753,5.77482,4.67618,71.7737
0,236.7,17.7727,5.77585,4.67731,71.7742
0,237,17.7699,5.77686,4.67843,71.7748
0,237.3,17.7672,5.77785,4.67954,71.7754
0,237.6,17.7645,5.77882,4.68063,71.7761
0,237.9,17.7617,5.77977,4.6817,71.7768
0,238.2,17.759,5.78069,4.68276,71.7776
0,238.5,17.7562,5.78159,4.68381,71.7784
0,238.8,17.7534,5.78247,4.68483,71.7792
0,239.1,17.7507,5.78333,4.68585,71.7802
0,239.4,17.7479,5.78417,4.68685,71.7811
0,239.7,17.7451,5.78498,4.68783,71.7821
0,240,17.7423,5.78578,4.6888,71.7831
0,240.3,17.7395,5.78655,4.68975,71.7842
0,240.6,17.7367,5.7873,4.69068,71.7853
0,240.9,17.7339,5.78802,4.6916,71.7865
0,241.2,17.7311,5.78873,4.6925,71.7877
0,241.5,17.7283,5.78941,4.69339,71.7889
0,241.8,17.7255,5.79007,4.69426,71.7902
0,242.1,17.7227,5.79071,4.69511,71.7915
0,242.4,17.7199,5.79133,4.69595,71.7928
0,242.7,17.7171,5.79193,4.69677,71.7942
0,243,17.7143,5.79251,4.69758,71.7956
0,243.3,17.7115,5.79306,4.69836,71.797
0,243.6,17.7088,5.79359,4.69914,71.7985
0,243.9,17.706,5.79411,4.69989,71.8
0,244.2,17.7032,5.7946,4.70063,71.8016
0,244.5,17.7005,5.79507,4.70135,71.8031
0,244.8,17.6977,5.79552,4.70206,71.8047
0,245.1,17.695,5.79595,4.70274,71.8063
0,245.4,17.6923,5.79636,4.70342,71.808
0,245.7,17.6895,5.79675,4.70407,71.8096
0,246,17.6868,5.79711,4.70471,71.8113
0,246.3,17.6842,5.79746,4.70533,71.8131
0,246.6,17.6815,5.79779,4.70594,71.8148
0,246.9,17.6788,5.7981,4.70652,71.8166
0,247.2,17.6762,5.79839,4.7071,71.8183
0,247.5,17.6735,5.79866,4.70765,71.8201
0,247.8,17.6709,5.79891,4.70819,71.822
0,248.1,17.6683,5.79914,4.70871,71.8238
0,248.4,17.6657,5.79935,4.70922,71.8257
0,248.7,17.6632,5.79955,4.70971,71.8276
0,249,17.6606,5.79972,4.71018,71.8295
0,249.3,17.6581,5.79988,4.71064,71.8314
0,249.6,17.6556,5.80002,4.71108,71.8333
0,249.9,17.6531,5.80014,4.71151,71.8352
0,250.2,17.6506,5.80024,4.71191,71.8372
0,250.5,17.6482,5.80033,4.71231,71.8392
0,250.8,17.6458,5.8004,4.71268,71.8411
0,251.1,17.6434,5.80045,4.71305,71.8431
0,251.4,17.641,5.80048,4.71339,71.8451
0,251.7,17.6386,5.8005,4.71372,71.8471
0,252,17.6363,5.8005,4.71404,71.8492
0,252.3,17.634,5.80049,4.71434,71.8512
0,252.6,17.6317,5.80046,4.71462,71.8532
0,252.9,17.6294,5.80041,4.71489,71.8553
0,253.2,17.6272,5.80035,4.71514,71.8573
0,253.5,17.625,5.80027,4.71538,71.8594
0,253.8,17.6228,5.80017,4.71561,71.8614
0,254.1,17.6206,5.80007,4.71582,71.8635
0,254.4,17.6185,5.79994,4.71601,71.8655
0,254.7,17.6164,5.79981,4.71619,71.8676
0,255,17.6143,5.79965,4.71636,71.8697
0,255.3,17.6123,5.79949,4.71651,71.8718
0,255.6,17.6102,5.79931,4.71665,71.8738
0,255.9,17.6082,5.79911,4.71677,71.8759
0,256.2,17.6063,5.79891,4.71688,71.878
0,256.5,17.6043,5.79869,4.71698,71.88
0,256.8,17.6024,5.79846,4.71706,71.8821
0,257.1,17.6005,5.79821,4.71713,71.8842
0,257.4,17.5986,5.79795,4.71719,71.8862
0,257.7,17.5968,5.79768,4.71723,71.8883
0,258,17.595,5.7974,4.71726,71.8903
0,258.3,17.5932,5.79711,4.71728,71.8924
0,258.6,17.5915,5.7968,4.71729,71.8944
0,258.9,17.5898,5.79649,4.71728,71.8964
0,259.2,17.5881,5.79616,4.71726,71.8985
0,259.5,17.5865,5.79582,4.71723,71.9005
0,259.8,17.5848,5.79548,4.71719,71.9025
0,260.1,17.5832,5.79512,4.71713,71.9045
0,260.4,17.5817,5.79475,4.71707,71.9065
0,260.7,17.5801,5.79437,4.71699,71.9085
0,261,17.5786,5.79399,4.7169,71.9105
0,261.3,17.5772,5.79359,4.7168,71.9124
0,261.6,17.5757,5.79319,4.71669,71.9144
0,261.9,17.5743,5.79277,4.71657,71.9163
0,262.2,17.5729,5.79235,4.71644,71.9183
0,262.5,17.5716,5.79192,4.71629,71.9202
0,262.8,17.5703,5.79148,4.71614,71.9221
0,263.1,17.569,5.79104,4.71598,71.924
0,263.4,17.5677,5.79058,4.71581,71.9259
0,263.7,17.5665,5.79012,4.71563,71.9277
0,264,17.5653,5.78966,4.71544,71.9296
0,264.3,17.5641,5.78918,4.71524,71.9314
0,264.6,17.563,5.7887,4.71503,71.9333
0,264.9,17.5619,5.78821,4.71481,71.9351
0,265.2,17.5608,5.78772,4.71458,71.9369
0,265.5,17.5598,5.78722,4.71435,71.9386
0,265.8,17.5588,5.78672,4.7141,71.9404
0,266.1,17.5578,5.78621,4.71385,71.9421
0,266.4,17.5568,5.78569,4.71359,71.9439
0,266.7,17.5559,5.78517,4.71332,71.9456
0,267,17.555,5.78465,4.71305,71.9473
0,267.3,17.5542,5.78412,4.71277,71.9489
0,267.6,17.5533,5.78359,4.71248,71.9506
0,267.9,17.5525,5.78305,4.71218,71.9522
0,268.2,17.5518,5.78251,4.71188,71.9539
0,268.5,17.551,5.78196,4.71157,71.9555
0,268.8,17.5503,5.78142,4.71125,71.957
0,269.1,17.5496,5.78087,4.71093,71.9586
0,269.4,17.5489,5.78031,4.7106,71.9601
0,269.7,17.5483,5.77976,4.71027,71.9617
0,270,17.5477,5.7792,4.70993,71.9632
0,270.3,17.5471,5.77863,4.70958,71.9647
0,270.6,17.5466,5.77807,4.70923,71.9661
0,270.9,17.5461,5.77751,4.70887,71.9676
0,271.2,17.5456,5.77694,4.70851,71.969
0,271.5,17.5451,5.77637,4.70814,71.9704
0,271.8,17.5447,5.7758,4.70777,71.9717
0,272.1,17.5443,5.77523,4.7074,71.9731
0,272.4,17.5439,5.77466,4.70702,71.9744
0,272.7,17.5435,5.77409,4.70664,71.9758
0,273,17.5432,5.77351,4.70625,71.977
0,273.3,17.5429,5.77294,4.70586,71.9783
0,273.6,17.5426,5.77237,4.70546,71.9796
0,273.9,17.5424,5.77179,4.70506,71.9808
0,274.2,17.5421,5.77122,4.70466,71.982
0,274.5,17.5419,5.77065,4.70426,71.9832
0,274.8,17.5418,5.77007,4.70385,71.9843
0,275.1,17.5416,5.7695,4.70344,71.9855
0,275.4,17.5415,5.76893,4.70302,71.9866
0,275.7,17.5414,5.76836,4.70261,71.9877
0,276,17.5413,5.76779,4.70219,71.9887
0,276.3,17.5412,5.76723,4.70177,71.9898
0,276.6,17.5412,5.76666,4.70135,71.9908
0,276.9,17.5412,5.7661,4.70092,71.9918
0,277.2,17.5412,5.76553,4.7005,71.9928
0,277.5,17.5412,5.76497,4.70007,71.9937
0,277.8,17.5413,5.76442,4.69964,71.9947
0,278.1,17.5413,5.76386,4.69921,71.9956
0,278.4,17.5414,5.76331,4.69878,71.9965
0,278.7,17.5415,5.76276,4.69835,71.9973
0,279,17.5417,5.76221,4.69792,71.9982
0,279.3,17.5418,5.76166,4.69749,71.999
0,279.6,17.542,5.76112,4.69705,71.9998
0,279.9,17.5422,5.76058,4.69662,72.0006
0,280.2,17.5424,5.76005,4.69619,72.0013
0,280.5,17.5427,5.75951,4.69575,72.0021
0,280.8,17.5429,5.75898,4.69532,72.0028
0,281.1,17.5432,5.75846,4.69489,72.0035
0,281.4,17.5435,5.75794,4.69445,72.0041
0,281.7,17.5438,5.75742,4.69402,72.0048
0,282,17.5441,5.7569,4.69359,72.0054
0,282.3,17.5444,5.75639,4.69316,72.006
0,282.6,17.5448,5.75589,4.69273,72.0066
0,282.9,17.5452,5.75538,4.6923,72.0071
0,283.2,17.5456,5.75489,4.69187,72.0077
0,283.5,17.546,5.75439,4.69144,72.0082
0,283.8,17.5464,5.7539,4.69101,72.0087
0,284.1,17.5468,5.75342,4.69059,72.0092
0,284.4,17.5473,5.75294,4.69017,72.0096
0,284.7,17.5478,5.75247,4.68975,72.01
0,285,17.5482,5.752,4.68933,72.0104
0,285.3,17.5487,5.75153,4.68891,72.0108
0,285.6,17.5492,5.75107,4.68849,72.0112
0,285.9,17.5498,5.75061,4.68808,72.0115
0,286.2,17.5503,5.75016,4.68767,72.0119
0,286.5,17.5508,5.74972,4.68726,72.0122
0,286.8,17.5514,5.74928,4.68685,72.0125
0,287.1,17.552,5.74885,4.68645,72.0127
0,287.4,17.5525,5.74842,4.68605,72.013
0,287.7,17.5531,5.748,4.68565,72.0132
0,288,17.5537,5.74758,4.68525,72.0134
0,288.3,17.5544,5.74717,4.68486,72.0136
0,288.6,17.555,5.74676,4.68447,72.0138
0,288.9,17.5556,5.74636,4.68408,72.014
0,289.2,17.5562,5.74596,4.68369,72.0141
0,289.5,17.5569,5.74557,4.68331,72.0142
0,289.8,17.5576,5.74519,4.68293,72.0143
0,290.1,17.5582,5.74481,4.68256,72.0144
0,290.4,17.5589,5.74444,4.68219,72.0145
0,290.7,17.5596,5.74408,4.68182,72.0145
0,291,17.5603,5.74372,4.68145,72.0145
0,291.3,17.561,5.74336,4.68109,72.0146
0,291.6,17.5617,5.74301,4.68074,72.0146
0,291.9,17.5624,5.74267,4.68038,72.0145
0,292.2,17.5631,5.74234,4.68003,72.0145
0,292.5,17.5638,5.74201,4.67969,72.0145
0,292.8,17.5646,5.74168,4.67934,72.0144
0,293.1,17.5653,5.74137,4.67901,72.0143
0,293.4,17.5661,5.74106,4.67867,72.0142
0,293.7,17.5668,5.74075,4.67834,72.0141
0,294,17.5676,5.74045,4.67801,72.014
0,294.3,17.5683,5.74016,4.67769,72.0138
0,294.6,17.5691,5.73987,4.67737,72.0137
0,294.9,17.5698,5.73959,4.67706,72.0135
0,295.2,17.5706,5.73932,4.67675,72.0133
0,295.5,17.5714,5.73905,4.67645,72.0131
0,295.8,17.5721,5.73879,4.67614,72.0129
0,296.1,17.5729,5.73854,4.67585,72.0127
0,296.4,17.5737,5.73829,4.67556,72.0125
0,296.7,17.5745,5.73804,4.67527,72.0122
0,297,17.5753,5.73781,4.67498,72.012
0,297.3,17.576,5.73758,4.67471,72.0117
0,297.6,17.5768,5.73735,4.67443,72.0114
0,297.9,17.5776,5.73713,4.67416,72.0111
0,298.2,17.5784,5.73692,4.6739,72.0108
0,298.5,17.5792,5.73672,4.67363,72.0105
0,298.8,17.58,5.73652,4.67338,72.0101
0,299.1,17.5808,5.73632,4.67313,72.0098
0,299.4,17.5815,5.73614,4.67288,72.0094
0,299.7,17.5823,5.73595,4.67264,72.0091
0,300,17.5831,5.73578,4.6724,72.0087
1,0,99,1,0,0
1,0.2,99.002,0.969834,0.0281578,0
1,0.4,98.9984,0.946154,0.0544863,0.000923376
1,0.6,98.9897,0.9284,0.0792318,0.00270828
1,0.8,98.976,0.91608,0.102616,0.00530108
1,1,98.9577,0.908759,0.12484,0.00865552
1,1.2,98.9351,0.906053,0.146084,0.012732
1,1.4,98.9084,0.907627,0.166513,0.0174969
1,1.6,98.8776,0.913187,0.186275,0.0229222
1,1.8,98.843,0.922476,0.205506,0.0289847
1,2,98.8047,0.935275,0.224329,0.0356656
1,2.2,98.7628,0.951391,0.242857,0.0429504
1,2.4,98.7173,0.970662,0.261195,0.0508281
1,2.6,98.6683,0.99295,0.279437,0.0592913
1,2.8,98.6159,1.01814,0.297671,0.0683358
1,3,98.5599,1.04614,0.315981,0.0779601
1,3.2,98.5005,1.07687,0.334441,0.0881654
1,3.4,98.4377,1.11027,0.353124,0.0989557
1,3.6,98.3713,1.1463,0.372098,0.110337
1,3.8,98.3013,1.18492,0.391426,0.122318
1,4,98.2278,1.22613,0.411169,0.134908
1,4.2,98.1506,1.26992,0.431385,0.14812
1,4.4,98.0696,1.3163,0.452131,0.161969
1,4.6,97.9848,1.36527,0.47346,0.176471
1,4.8,97.8961,1.41687,0.495427,0.191642
1,5,97.8033,1.47113,0.518081,0.207504
1,5.2,97.7064,1.52809,0.541475,0.224077
1,5.4,97.6052,1.58781,0.565659,0.241383
1,5.6,97.4995,1.65033,0.590683,0.259448
1,5.8,97.3894,1.71573,0.616596,0.278297
1,6,97.2745,1.78407,0.64345,0.297959
1,6.2,97.1548,1.85544,0.671293,0.318461
1,6.4,97.0301,1.92991,0.700176,0.339835
1,6.6,96.9002,2.00756,0.730151,0.362113
1,6.8,96.7649,2.08851,0.76127,0.38533
1,7,96.6241,2.17283,0.793585,0.40952
1,7.2,96.4775,2.26065,0.82715,0.434722
1,7.4,96.325,2.35206,0.862019,0.460974
1,7.6,96.1663,2.44717,0.898249,0.488316
1,7.8,96.0012,2.54611,0.935896,0.516792
1,8,95.8295,2.649,0.975019,0.546445
1,8.2,95.651,2.75596,1.01568,0.577321
1,8.4,95.4655,2.86713,1.05793,0.609469
1,8.6,95.2726,2.98263,1.10185,0.642937
1,8.8,95.0721,3.10261,1.14749,0.677779
1,9,94.8638,3.22721,1.19492,0.714048
1,9.2,94.6474,3.35656,1.2442,0.751798
1,9.4,94.4227,3.49083,1.29542,0.79109
1,9.6,94.1892,3.63016,1.34863,0.831982
1,9.8,93.9468,3.77471,1.40391,0.874536
1,10,93.6952,3.92462,1.46134,0.918819
1,10.2,93.434,4.08008,1.521,0.964895
1,10.4,93.163,4.24122,1.58295,1.01284
1,10.6,92.8818,4.40823,1.64729,1.06271
1,10.8,92.5901,4.58126,1.71409,1.1146
1,11,92.2875,4.76047,1.78343,1.16857
1,11.2,91.9738,4.94605,1.85541,1.22471
1,11.4,91.6487,5.13814,1.93011,1.28309
1,11.6,91.3116,5.33693,2.00762,1.34381
1,11.8,90.9624,5.54258,2.08803,1.40694
1,12,90.6007,5.75524,2.17143,1.47259
1,12.2,90.2261,5.9751,2.25792,1.54084
1,12.4,89.8383,6.2023,2.34759,1.61179
1,12.6,89.4369,6.43701,2.44053,1.68554
1,12.8,89.0216,6.67938,2.53685,1.76219
1,13,88.592,6.92956,2.63664,1.84184
1,13.2,88.1477,7.18769,2.74001,1.9246
1,13.4,87.6884,7.45392,2.84704,2.01059
1,13.6,87.2139,7.72837,2.95785,2.09992
1,13.8,86.7236,8.01117,3.07253,2.1927
1,14,86.2173,8.30243,3.19118,2.28905
1,14.2,85.6947,8.60225,3.3139,2.3891
1,14.4,85.1555,8.91072,3.4408,2.49298
1,14.6,84.5993,9.22793,3.57196,2.6008
1,14.8,84.0259,9.55393,3.70749,2.71272
1,15,83.4349,9.88878,3.84748,2.82885
1,15.2,82.8261,10.2325,3.99203,2.94934
1,15.4,82.1993,10.5851,4.14123,3.07433
1,15.6,81.5543,10.9466,4.29517,3.20396
1,15.8,80.8907,11.317,4.45393,3.33837
1,16,80.2085,11.6962,4.61759,3.47773
1,16.2,79.5075,12.0841,4.78623,3.62217
1,16.4,78.7876,12.4806,4.95993,3.77185
1,16.6,78.0486,12.8857,5.13874,3.92692
1,16.8,77.2906,13.2991,5.32274,4.08755
1,17,76.5134,13.7208,5.51198,4.25389
1,17.2,75.7171,14.1503,5.70651,4.4261
1,17.4,74.9017,14.5876,5.90636,4.60435
1,17.6,74.0673,15.0324,6.11157,4.78879
1,17.8,73.214,15.4843,6.32216,4.97959
1,18,72.342,15.9429,6.53815,5.17691
1,18.2,71.4516,16.4079,6.75953,5.38092
1,18.4,70.543,16.8789,6.9863,5.59178
1,18.6,69.6165,17.3554,7.21845,5.80965
1,18.8,68.6724,17.8369,7.45593,6.0347
1,19,67.7113,18.3229,7.69871,6.26708
1,19.2,66.7336,18.8128,7.94672,6.50696
1,19.4,65.7397,19.3059,8.19989,6.75449
1,19.6,64.7304,19.8016,8.45814,7.00982
1,19.8,63.7062,20.2993,8.72136,7.27311
1,20,62.6679,20.7981,8.98943,7.54451
1,20.2,61.6162,21.2974,9.26222,7.82415
1,20.4,60.5519,21.7964,9.53958,8.11217
1,20.6,59.4758,22.2942,9.82133,8.40871
1,20.8,58.3889,22.7899,10.1073,8.7139
1,21,57.2921,23.2827,10.3973,9.02785
1,21.2,56.1865,23.7718,10.691,9.35067
1,21.4,55.0731,24.256,10.9883,9.68249
1,21.6,53.953,24.7347,11.2889,10.0234
1,21.8,52.8274,25.2067,11.5925,10.3735
1,22,51.6973,25.6711,11.8989,10.7328
1,22.2,50.564,26.127,12.2076,11.1014
1,22.4,49.4287,26.5734,12.5185,11.4794
1,22.6,48.2927,27.0093,12.8311,11.8669
1,22.8,47.1573,27.4338,13.145,12.2639
1,23,46.0236,27.846,13.4601,12.6703
1,23.2,44.893,28.245,13.7757,13.0862
1,23.4,43.7668,28.6298,14.0916,13.5117
1,23.6,42.6463,28.9997,14.4074,13.9467
1,23.8,41.5326,29.3537,14.7226,14.3911
1,24,40.4271,29.6912,15.0367,14.845
1,24.2,39.3309,30.0113,15.3495,15.3083
1,24.4,38.2453,30.3134,15.6604,15.7809
1,24.6,37.1714,30.5968,15.9689,16.2628
1,24.8,36.1104,30.861,16.2747,16.7538
1,25,35.0633,31.1055,16.5773,17.2539
1,25.2,34.0312,31.3296,16.8763,17.7628
1,25.4,33.0151,31.5332,17.1712,18.2806
1,25.6,32.0157,31.7158,17.4615,18.807
1,25.8,31.0342,31.8771,17.7469,19.3418
1,26,30.0711,32.0171,18.0269,19.8849
1,26.2,29.1274,32.1354,18.301,20.4362
1,26.4,28.2036,32.2321,18.569,20.9953
1,26.6,27.3003,32.3073,18.8304,21.562
1,26.8,26.4182,32.3608,19.0848,22.1362
1,27,25.5575,32.393,19.3318,22.7176
1,27.2,24.7189,32.404,19.5712,23.306
1,27.4,23.9025,32.394,19.8025,23.901
1,27.6,23.1086,32.3635,20.0255,24.5023
1,27.8,22.3375,32.3128,20.2399,25.1098
1,28,21.5893,32.2422,20.4454,25.7231
1,28.2,20.8639,32.1524,20.6417,26.3419
1,28.4,20.1615,32.0438,20.8287,26.966
1,28.6,19.4819,31.9171,21.0061,27.5948
1,28.8,18.8251,31.7728,21.1738,28.2283
1,29,18.1909,31.6115,21.3316,28.8659
1,29.2,17.5791,31.434,21.4794,29.5075
1,29.4,16.9895,31.2409,21.617,30.1526
1,29.6,16.4216,31.0331,21.7444,30.801
1,29.8,15.8753,30.8111,21.8615,31.4522
1,30,15.3501,30.5757,21.9682,32.1059
1,30.2,14.8457,30.3278,22.0647,32.7618
1,30.4,14.3615,30.0681,22.1508,33.4196
1,30.6,13.8973,29.7973,22.2265,34.0789
1,30.8,13.4524,29.5162,22.2921,34.7393
1,31,13.0264,29.2256,22.3474,35.4006
1,31.2,12.6188,28.9262,22.3926,36.0623
1,31.4,12.2292,28.6187,22.4278,36.7242
1,31.6,11.8569,28.304,22.4532,37.386
1,31.8,11.5014,27.9826,22.4688,38.0472
1,32,11.1623,27.6553,22.4748,38.7076
1,32.2,10.8389,27.3228,22.4713,39.3669
1,32.4,10.5308,26.9857,22.4587,40.0248
1,32.6,10.2375,26.6447,22.4369,40.6809
1,32.8,9.95834,26.3003,22.4064,41.3349
1,33,9.69288,25.9532,22.3672,41.9867
1,33.2,9.44062,25.6039,22.3196,42.6359
1,33.4,9.20105,25.253,22.2638,43.2822
1,33.6,8.97367,24.9009,22.2,43.9254
1,33.8,8.75803,24.5482,22.1286,44.5652
1,34,8.55364,24.1953,22.0497,45.2013
1,34.2,8.36006,23.8426,21.9637,45.8337
1,34.4,8.17684,23.4906,21.8707,46.4619
1,34.6,8.00356,23.1397,21.771,47.0858
1,34.8,7.8398,22.7901,21.6649,47.7052
1,35,7.68517,22.4423,21.5527,48.3198
1,35.2,7.53927,22.0966,21.4346,48.9296
1,35.4,7.40173,21.7533,21.3108,49.5342
1,35.6,7.2722,21.4125,21.1817,50.1336
1,35.8,7.15033,21.0747,21.0475,50.7275
1,36,7.03578,20.7399,20.9084,51.3159
1,36.2,6.92824,20.4085,20.7648,51.8985
1,36.4,6.82741,20.0806,20.6168,52.4752
1,36.6,6.73299,19.7564,20.4648,53.0459
1,36.8,6.64469,19.436,20.3089,53.6105
1,37,6.56226,19.1196,20.1494,54.1688
1,37.2,6.48544,18.8073,19.9865,54.7208
1,37.4,6.41398,18.4992,19.8205,55.2663
1,37.6,6.34765,18.1954,19.6517,55.8053
1,37.8,6.28622,17.896,19.4801,56.3377
1,38,6.22949,17.601,19.3061,56.8634
1,38.2,6.17725,17.3106,19.1298,57.3823
1,38.4,6.12931,17.0248,18.9515,57.8944
1,38.6,6.08549,16.7435,18.7714,58.3996
1,38.8,6.04561,16.4669,18.5896,58.8979
1,39,6.0095,16.1949,18.4063,59.3892
1,39.2,5.97701,15.9276,18.2218,59.8736
1,39.4,5.94799,15.665,18.0361,60.3509
1,39.6,5.9223,15.407,17.8495,60.8212
1,39.8,5.89979,15.1536,17.6622,61.2844
1,40,5.88034,14.9049,17.4742,61.7405
1,40.2,5.86383,14.6608,17.2858,62.1896
1,40.4,5.85014,14.4213,17.0971,62.6315
1,40.6,5.83915,14.1863,16.9081,63.0664
1,40.8,5.83078,13.9558,16.7192,63.4942
1,41,5.8249,13.7298,16.5303,63.915
1,41.2,5.82143,13.5082,16.3416,64.3287
1,41.4,5.82029,13.291,16.1533,64.7355
1,41.6,5.82137,13.0781,15.9654,65.1352
1,41.8,5.8246,12.8694,15.778,65.5279
1,42,5.82991,12.665,15.5913,65.9138
1,42.2,5.83722,12.4648,15.4053,66.2927
1,42.4,5.84645,12.2686,15.2202,66.6647
1,42.6,5.85755,12.0765,15.036,67.03
1,42.8,5.87044,11.8883,14.8528,67.3885
1,43,5.88508,11.7041,14.6706,67.7402
1,43.2,5.90139,11.5237,14.4896,68.0853
1,43.4,5.91932,11.3471,14.3099,68.4237
1,43.6,5.93883,11.1742,14.1314,68.7556
1,43.8,5.95987,11.005,13.9542,69.0809
1,44,5.98237,10.8393,13.7785,69.3998
1,44.2,6.00631,10.6772,13.6042,69.7123
1,44.4,6.03163,10.5185,13.4314,70.0184
1,44.6,6.0583,10.3633,13.2602,70.3183
1,44.8,6.08627,10.2113,13.0905,70.6119
1,45,6.11551,10.0626,12.9225,70.8994
1,45.2,6.14598,9.91714,12.7561,71.1808
1,45.4,6.17764,9.77478,12.5914,71.4562
1,45.6,6.21047,9.63548,12.4285,71.7256
1,45.8,6.24443,9.4992,12.2673,71.9891
1,46,6.27949,9.36585,12.1078,72.2468
1,46.2,6.31563,9.23538,11.9502,72.4988
1,46.4,6.3528,9.10773,11.7943,72.7451
1,46.6,6.391,8.98284,11.6403,72.9858
1,46.8,6.43018,8.86066,11.4882,73.221
1,47,6.47033,8.74111,11.3379,73.4507
1,47.2,6.51142,8.62415,11.1895,73.675
1,47.4,6.55344,8.50971,11.0429,73.894
1,47.6,6.59634,8.39774,10.8982,74.1077
1,47.8,6.64013,8.28819,10.7554,74.3163
1,48,6.68476,8.18101,10.6145,74.5198
1,48.2,6.73023,8.07613,10.4754,74.7182
1,48.4,6.77652,7.97351,10.3383,74.9117
1,48.6,6.8236,7.8731,10.203,75.1003
1,48.8,6.87146,7.77484,10.0696,75.2841
1,49,6.92008,7.67869,9.93813,75.4631
1,49.2,6.96945,7.58461,9.80849,75.6375
1,49.4,7.01954,7.49253,9.68071,75.8072
1,49.6,7.07034,7.40242,9.55479,75.9725
1,49.8,7.12183,7.31423,9.43071,76.1332
1,50,7.17401,7.22792,9.30846,76.2896
1,50.2,7.22685,7.14344,9.18804,76.4417
1,50.4,7.28034,7.06075,9.06944,76.5895
1,50.6,7.33447,6.97981,8.95263,76.7331
1,50.8,7.38922,6.90059,8.8376,76.8726
1,51,7.44458,6.82303,8.72435,77.008
1,51.2,7.50054,6.74711,8.61286,77.1395
1,51.4,7.55708,6.67278,8.50311,77.267
1,51.6,7.61419,6.6,8.39508,77.3907
1,51.8,7.67187,6.52875,8.28877,77.5106
1,52,7.73008,6.45899,8.18415,77.6268
1,52.2,7.78884,6.39067,8.0812,77.7393
1,52.4,7.84812,6.32378,7.97992,77.8482
1,52.6,7.90791,6.25827,7.88027,77.9535
1,52.8,7.9682,6.19412,7.78225,78.0554
1,53,8.02898,6.13129,7.68583,78.1539
1,53.2,8.09025,6.06975,7.591,78.249
1,53.4,8.15198,6.00948,7.49774,78.3408
1,53.6,8.21417,5.95044,7.40603,78.4294
1,53.8,8.27681,5.89261,7.31584,78.5147
1,54,8.33989,5.83596,7.22717,78.597
1,54.2,8.4034,5.78046,7.13998,78.6762
1,54.4,8.46733,5.72609,7.05427,78.7523
1,54.6,8.53167,5.67282,6.97001,78.8255
1,54.8,8.59642,5.62062,6.88718,78.8958
1,55,8.66155,5.56948,6.80577,78.9632
1,55.2,8.72706,5.51937,6.72574,79.0278
1,55.4,8.79295,5.47026,6.6471,79.0897
1,55.6,8.8592,5.42214,6.5698,79.1488
1,55.8,8.92581,5.37499,6.49384,79.2054
1,56,8.99277,5.32877,6.4192,79.2593
1,56.2,9.06006,5.28348,6.34585,79.3106
1,56.4,9.12769,5.23908,6.27378,79.3594
1,56.6,9.19563,5.19557,6.20297,79.4058
1,56.8,9.26389,5.15292,6.1334,79.4498
1,57,9.33246,5.11112,6.06504,79.4914
1,57.2,9.40132,5.07014,5.99789,79.5306
1,57.4,9.47047,5.02997,5.93192,79.5676
1,57.6,9.5399,4.9906,5.86712,79.6024
1,57.8,9.6096,4.95199,5.80346,79.6349
1,58,9.67957,4.91415,5.74094,79.6653
1,58.2,9.7498,4.87705,5.67952,79.6936
1,58.4,9.82028,4.84068,5.61919,79.7198
1,58.6,9.891,4.80502,5.55994,79.744
1,58.8,9.96196,4.77006,5.50175,79.7662
1,59,10.0331,4.73578,5.4446,79.7865
1,59.2,10.1045,4.70217,5.38847,79.8048
1,59.4,10.1762,4.66923,5.33335,79.8213
1,59.6,10.248,4.63692,5.27922,79.8359
1,59.8,10.32,4.60525,5.22607,79.8487
1,60,10.3922,4.57419,5.17387,79.8597
1,60.2,10.4646,4.54374,5.12261,79.869
1,60.4,10.5372,4.51389,5.07228,79.8766
1,60.6,10.61,4.48462,5.02286,79.8826
1,60.8,10.6829,4.45592,4.97434,79.8869
1,61,10.7559,4.42779,4.9267,79.8896
1,61.2,10.8292,4.4002,4.87992,79.8907
1,61.4,10.9025,4.37315,4.834,79.8903
1,61.6,10.976,4.34664,4.78891,79.8884
1,61.8,11.0497,4.32065,4.74464,79.885
1,62,11.1234,4.29516,4.70118,79.8802
1,62.2,11.1973,4.27018,4.65852,79.874
1,62.4,11.2713,4.2457,4.61664,79.8663
1,62.6,11.3454,4.22169,4.57552,79.8574
1,62.8,11.4196,4.19816,4.53517,79.847
1,63,11.4939,4.1751,4.49555,79.8354
1,63.2,11.5683,4.1525,4.45666,79.8225
1,63.4,11.6428,4.13035,4.41849,79.8084
1,63.6,11.7173,4.10864,4.38103,79.793
1,63.8,11.7919,4.08737,4.34425,79.7765
1,64,11.8666,4.06652,4.30816,79.7587
1,64.2,11.9413,4.0461,4.27274,79.7399
1,64.4,12.0161,4.02609,4.23797,79.7199
1,64.6,12.0909,4.00648,4.20385,79.6987
1,64.8,12.1658,3.98728,4.17037,79.6766
1,65,12.2407,3.96847,4.13751,79.6533
1,65.2,12.3156,3.95005,4.10526,79.6291
1,65.4,12.3906,3.93201,4.07362,79.6038
1,65.6,12.4656,3.91435,4.04257,79.5775
1,65.8,12.5405,3.89706,4.01211,79.5503
1,66,12.6155,3.88013,3.98221,79.5221
1,66.2,12.6905,3.86355,3.95289,79.493
1,66.4,12.7655,3.84733,3.92411,79.463
1,66.6,12.8405,3.83146,3.89588,79.4321
1,66.8,12.9155,3.81593,3.86819,79.4004
1,67,12.9904,3.80074,3.84102,79.3678
1,67.2,13.0654,3.78588,3.81437,79.3344
1,67.4,13.1403,3.77135,3.78823,79.3002
1,67.6,13.2151,3.75714,3.76259,79.2652
1,67.8,13.2899,3.74325,3.73744,79.2294
1,68,13.3647,3.72967,3.71277,79.1928
1,68.2,13.4394,3.7164,3.68858,79.1556
1,68.4,13.5141,3.70344,3.66486,79.1176
1,68.6,13.5887,3.69078,3.6416,79.0789
1,68.8,13.6633,3.67841,3.6188,79.0395
1,69,13.7378,3.66634,3.59644,78.9995
1,69.2,13.8122,3.65455,3.57451,78.9588
1,69.4,13.8865,3.64305,3.55302,78.9174
1,69.6,13.9607,3.63184,3.53195,78.8755
1,69.8,14.0349,3.6209,3.5113,78.8329
1,70,14.1089,3.61023,3.49106,78.7898
1,70.2,14.1829,3.59983,3.47123,78.746
1,70.4,14.2568,3.58971,3.45179,78.7017
1,70.6,14.3305,3.57984,3.43274,78.6569
1,70.8,14.4042,3.57024,3.41408,78.6115
1,71,14.4777,3.56089,3.3958,78.5656
1,71.2,14.5511,3.5518,3.37789,78.5192
1,71.4,14.6244,3.54296,3.36034,78.4723
1,71.6,14.6975,3.53437,3.34316,78.4249
1,71.8,14.7706,3.52603,3.32634,78.3771
1,72,14.8434,3.51793,3.30986,78.3288
1,72.2,14.9162,3.51006,3.29374,78.28
1,72.4,14.9888,3.50244,3.27795,78.2308
1,72.6,15.0612,3.49505,3.26249,78.1812
1,72.8,15.1335,3.48789,3.24737,78.1312
1,73,15.2056,3.48097,3.23257,78.0808
1,73.2,15.2776,3.47427,3.21809,78.0301
1,73.4,15.3494,3.46779,3.20392,77.9789
1,73.6,15.421,3.46154,3.19007,77.9274
1,73.8,15.4925,3.45551,3.17652,77.8755
1,74,15.5637,3.44969,3.16328,77.8233
1,74.2,15.6348,3.44409,3.15033,77.7708
1,74.4,15.7057,3.43871,3.13767,77.7179
1,74.6,15.7764,3.43354,3.1253,77.6647
1,74.8,15.8469,3.42857,3.11322,77.6113
1,75,15.9173,3.42382,3.10142,77.5575
1,75.2,15.9874,3.41927,3.08989,77.5035
1,75.4,16.0573,3.41492,3.07864,77.4492
1,75.6,16.127,3.41078,3.06766,77.3946
1,75.8,16.1964,3.40683,3.05694,77.3398
1,76,16.2657,3.40308,3.04649,77.2847
1,76.2,16.3347,3.39953,3.03629,77.2294
1,76.4,16.4035,3.39618,3.02635,77.1739
1,76.6,16.4721,3.39301,3.01666,77.1182
1,76.8,16.5405,3.39004,3.00721,77.0623
1,77,16.6086,3.38726,2.99802,77.0061
1,77.2,16.6764,3.38467,2.98906,76.9498
1,77.4,16.7441,3.38226,2.98034,76.8933
1,77.6,16.8114,3.38004,2.97186,76.8367
1,77.8,16.8786,3.378,2.96361,76.7798
1,78,16.9454,3.37614,2.95559,76.7228
1,78.2,17.012,3.37446,2.9478,76.6657
1,78.4,17.0784,3.37297,2.94023,76.6084
1,78.6,17.1445,3.37165,2.93289,76.551
1,78.8,17.2103,3.3705,2.92576,76.4935
1,79,17.2758,3.36953,2.91884,76.4358
1,79.2,17.3411,3.36874,2.91214,76.378
1,79.4,17.4061,3.36812,2.90566,76.3202
1,79.6,17.4708,3.36767,2.89937,76.2622
1,79.8,17.5352,3.36739,2.8933,76.2041
1,80,17.5993,3.36728,2.88743,76.146
1,80.2,17.6631,3.36733,2.88176,76.0878
1,80.4,17.7267,3.36756,2.87629,76.0295
1,80.6,17.7899,3.36795,2.87101,75.9711
1,80.8,17.8528,3.3685,2.86593,75.9127
1,81,17.9155,3.36922,2.86105,75.8543
1,81.2,17.9778,3.37009,2.85635,75.7958
1,81.4,18.0398,3.37113,2.85184,75.7372
1,81.6,18.1015,3.37233,2.84752,75.6787
1,81.8,18.1628,3.37369,2.84338,75.6201
1,82,18.2239,3.37521,2.83942,75.5615
1,82.2,18.2846,3.37688,2.83565,75.5029
1,82.4,18.345,3.37872,2.83205,75.4442
1,82.6,18.4051,3.3807,2.82863,75.3856
1,82.8,18.4648,3.38284,2.82538,75.327
1,83,18.5242,3.38514,2.82231,75.2684
1,83.2,18.5832,3.38758,2.81941,75.2098
1,83.4,18.6419,3.39018,2.81668,75.1512
1,83.6,18.7003,3.39293,2.81412,75.0927
1,83.8,18.7583,3.39583,2.81172,75.0342
1,84,18.8159,3.39888,2.80949,74.9757
1,84.2,18.8732,3.40207,2.80742,74.9173
1,84.4,18.9302,3.40542,2.80551,74.8589
1,84.6,18.9867,3.40891,2.80377,74.8006
1,84.8,19.0429,3.41254,2.80218,74.7423
1,85,19.0988,3.41632,2.80075,74.6841
1,85.2,19.1543,3.42025,2.79948,74.626
1,85.4,19.2094,3.42432,2.79836,74.568
1,85.6,19.2641,3.42853,2.7974,74.51
1,85.8,19.3184,3.43288,2.79659,74.4521
1,86,19.3724,3.43738,2.79593,74.3943
1,86.2,19.426,3.44202,2.79542,74.3366
1,86.4,19.4791,3.44679,2.79505,74.279
1,86.6,19.5319,3.45171,2.79484,74.2215
1,86.8,19.5844,3.45676,2.79477,74.1641
1,87,19.6364,3.46195,2.79484,74.1068
1,87.2,19.688,3.46728,2.79506,74.0497
1,87.4,19.7392,3.47274,2.79542,73.9926
1,87.6,19.79,3.47834,2.79592,73.9357
1,87.8,19.8404,3.48408,2.79656,73.879
1,88,19.8904,3.48995,2.79734,73.8223
1,88.2,19.94,3.49595,2.79826,73.7658
1,88.4,19.9891,3.50209,2.79932,73.7094
1,88.6,20.0379,3.50836,2.80051,73.6532
1,88.8,20.0862,3.51476,2.80184,73.5972
1,89,20.1342,3.52129,2.8033,73.5413
1,89.2,20.1816,3.52795,2.80489,73.4855
1,89.4,20.2287,3.53474,2.80662,73.4299
1,89.6,20.2753,3.54166,2.80848,73.3745
1,89.8,20.3215,3.54871,2.81047,73.3193
1,90,20.3673,3.55588,2.81258,73.2642
1,90.2,20.4127,3.56319,2.81483,73.2093
1,90.4,20.4576,3.57062,2.8172,73.1546
1,90.6,20.502,3.57817,2.8197,73.1001
1,90.8,20.546,3.58585,2.82233,73.0458
1,91,20.5896,3.59366,2.82508,72.9917
1,91.2,20.6327,3.60159,2.82795,72.9377
1,91.4,20.6754,3.60964,2.83095,72.884
1,91.6,20.7176,3.61781,2.83407,72.8305
1,91.8,20.7594,3.62611,2.83731,72.7772
1,92,20.8007,3.63453,2.84067,72.7241
1,92.2,20.8416,3.64306,2.84416,72.6712
1,92.4,20.882,3.65172,2.84776,72.6185
1,92.6,20.9219,3.6605,2.85148,72.5661
1,92.8,20.9614,3.66939,2.85532,72.5139
1,93,21.0004,3.6784,2.85927,72.4619
1,93.2,21.0389,3.68753,2.86334,72.4102
1,93.4,21.077,3.69678,2.86753,72.3587
1,93.6,21.1146,3.70614,2.87183,72.3074
1,93.8,21.1518,3.71562,2.87624,72.2564
1,94,21.1884,3.72521,2.88077,72.2056
1,94.2,21.2246,3.73491,2.88541,72.1551
1,94.4,21.2603,3.74473,2.89016,72.1048
1,94.6,21.2955,3.75465,2.89503,72.0548
1,94.8,21.3303,3.76469,2.9,72.005
1,95,21.3645,3.77484,2.90508,71.9556
1,95.2,21.3983,3.7851,2.91027,71.9063
1,95.4,21.4316,3.79547,2.91557,71.8574
1,95.6,21.4644,3.80595,2.92098,71.8087
1,95.8,21.4967,3.81653,2.9265,71.7603
1,96,21.5285,3.82722,2.93212,71.7122
1,96.2,21.5598,3.83802,2.93784,71.6643
1,96.4,21.5907,3.84892,2.94367,71.6167
1,96.6,21.621,3.85993,2.94961,71.5695
1,96.8,21.6508,3.87104,2.95565,71.5225
1,97,21.6802,3.88225,2.96179,71.4758
1,97.2,21.709,3.89356,2.96803,71.4294
1,97.4,21.7374,3.90497,2.97437,71.3833
1,97.6,21.7652,3.91649,2.98082,71.3375
1,97.8,21.7926,3.9281,2.98736,71.292
1,98,21.8194,3.93981,2.99401,71.2468
1,98.2,21.8457,3.95162,3.00075,71.2019
1,98.4,21.8716,3.96352,3.00759,71.1573
1,98.6,21.8969,3.97552,3.01453,71.1131
1,98.8,21.9217,3.98761,3.02156,71.0691
1,99,21.946,3.9998,3.02869,71.0255
1,99.2,21.9698,4.01207,3.03591,70.9822
1,99.4,21.9931,4.02444,3.04323,70.9392
1,99.6,22.0159,4.0369,3.05065,70.8966
1,99.8,22.0382,4.04945,3.05815,70.8542
1,100,22.0599,4.06209,3.06575,70.8122
1,100.2,22.0812,4.07481,3.07344,70.7706
1,100.4,22.1019,4.08762,3.08122,70.7293
1,100.6,22.1221,4.10052,3.08909,70.6883
1,100.8,22.1418,4.1135,3.09705,70.6476
1,101,22.161,4.12656,3.10509,70.6073
1,101.2,22.1797,4.1397,3.11323,70.5674
1,101.4,22.1979,4.15292,3.12145,70.5278
1,101.6,22.2155,4.16623,3.12976,70.4885
1,101.8,22.2327,4.17961,3.13815,70.4496
1,102,22.2493,4.19306,3.14663,70.411
1,102.2,22.2654,4.2066,3.15519,70.3728
1,102.4,22.281,4.2202,3.16384,70.335
1,102.6,22.2961,4.23388,3.17256,70.2975
1,102.8,22.3106,4.24764,3.18137,70.2604
1,103,22.3247,4.26146,3.19026,70.2236
1,103.2,22.3382,4.27535,3.19923,70.1872
1,103.4,22.3512,4.28931,3.20828,70.1512
1,103.6,22.3637,4.30334,3.21741,70.1155
1,103.8,22.3757,4.31743,3.22661,70.0802
1,104,22.3872,4.33159,3.23589,70.0453
1,104.2,22.3982,4.34581,3.24525,70.0108
1,104.4,22.4086,4.36009,3.25468,69.9766
1,104.6,22.4186,4.37443,3.26418,69.9428
1,104.8,22.428,4.38883,3.27376,69.9094
1,105,22.4369,4.40328,3.28341,69.8764
1,105.2,22.4453,4.41779,3.29313,69.8438
1,105.4,22.4532,4.43235,3.30292,69.8115
1,105.6,22.4606,4.44697,3.31278,69.7796
1,105.8,22.4675,4.46164,3.32271,69.7481
1,106,22.4739,4.47636,3.33271,69.717
1,106.2,22.4798,4.49112,3.34277,69.6863
1,106.4,22.4851,4.50593,3.3529,69.656
1,106.6,22.49,4.52079,3.3631,69.6261
1,106.8,22.4944,4.53569,3.37335,69.5966
1,107,22.4983,4.55063,3.38367,69.5674
1,107.2,22.5016,4.56561,3.39405,69.5387
1,107.4,22.5045,4.58062,3.40449,69.5104
1,107.6,22.5069,4.59568,3.41499,69.4824
1,107.8,22.5088,4.61077,3.42555,69.4549
1,108,22.5102,4.62589,3.43617,69.4278
1,108.2,22.5111,4.64104,3.44684,69.401
1,108.4,22.5115,4.65623,3.45757,69.3747
1,108.6,22.5114,4.67144,3.46836,69.3488
1,108.8,22.5109,4.68667,3.47919,69.3233
1,109,22.5098,4.70194,3.49008,69.2982
1,109.2,22.5083,4.71722,3.50102,69.2734
1,109.4,22.5063,4.73252,3.512,69.2492
1,109.6,22.5038,4.74785,3.52304,69.2253
1,109.8,22.5009,4.76319,3.53413,69.2018
1,110,22.4975,4.77855,3.54526,69.1787
1,110.2,22.4936,4.79391,3.55643,69.1561
1,110.4,22.4892,4.8093,3.56765,69.1338
1,110.6,22.4844,4.82469,3.57891,69.112
1,110.8,22.4791,4.84009,3.59022,69.0906
1,111,22.4734,4.85549,3.60156,69.0696
1,111.2,22.4672,4.8709,3.61294,69.049
1,111.4,22.4605,4.88631,3.62436,69.0288
1,111.6,22.4534,4.90172,3.63582,69.009
1,111.8,22.4459,4.91713,3.64731,68.9897
1,112,22.4379,4.93253,3.65884,68.9708
1,112.2,22.4294,4.94793,3.6704,68.9523
1,112.4,22.4205,4.96332,3.68199,68.9342
1,112.6,22.4112,4.9787,3.69361,68.9165
1,112.8,22.4015,4.99407,3.70525,68.8992
1,113,22.3913,5.00943,3.71693,68.8824
1,113.2,22.3807,5.02477,3.72863,68.8659
1,113.4,22.3696,5.04009,3.74036,68.8499
1,113.6,22.3582,5.05539,3.75211,68.8343
1,113.8,22.3463,5.07067,3.76388,68.8192
1,114,22.334,5.08593,3.77567,68.8044
1,114.2,22.3213,5.10116,3.78749,68.79
1,114.4,22.3082,5.11636,3.79932,68.7761
1,114.6,22.2947,5.13153,3.81116,68.7626
1,114.8,22.2808,5.14667,3.82302,68.7495
1,115,22.2665,5.16178,3.8349,68.7368
1,115.2,22.2518,5.17685,3.84678,68.7245
1,115.4,22.2368,5.19188,3.85868,68.7127
1,115.6,22.2213,5.20687,3.87059,68.7012
1,115.8,22.2055,5.22182,3.8825,68.6902
1,116,22.1893,5.23673,3.89442,68.6796
1,116.2,22.1727,5.25158,3.90635,68.6694
1,116.4,22.1557,5.26639,3.91828,68.6596
1,116.6,22.1384,5.28115,3.93021,68.6502
1,116.8,22.1207,5.29586,3.94214,68.6413
1,117,22.1027,5.31051,3.95407,68.6327
1,117.2,22.0844,5.32511,3.966,68.6245
1,117.4,22.0656,5.33964,3.97792,68.6168
1,117.6,22.0466,5.35412,3.98984,68.6095
1,117.8,22.0272,5.36853,4.00175,68.6025
1,118,22.0075,5.38288,4.01365,68.596
1,118.2,21.9874,5.39716,4.02554,68.5899
1,118.4,21.9671,5.41137,4.03742,68.5842
1,118.6,21.9464,5.42551,4.04929,68.5788
1,118.8,21.9254,5.43958,4.06114,68.5739
1,119,21.9041,5.45358,4.07297,68.5694
1,119.2,21.8825,5.46749,4.08479,68.5653
1,119.4,21.8605,5.48133,4.09659,68.5615
1,119.6,21.8383,5.49509,4.10837,68.5582
1,119.8,21.8159,5.50877,4.12012,68.5552
1,120,21.7931,5.52236,4.13185,68.5527
1,120.2,21.77,5.53586,4.14356,68.5505
1,120.4,21.7467,5.54928,4.15524,68.5488
1,120.6,21.7231,5.56261,4.16689,68.5474
1,120.8,21.6993,5.57584,4.17851,68.5464
1,121,21.6752,5.58898,4.19009,68.5458
1,121.2,21.6508,5.60203,4.20165,68.5455
1,121.4,21.6262,5.61498,4.21317,68.5457
1,121.6,21.6013,5.62782,4.22465,68.5462
1,121.8,21.5763,5.64057,4.2361,68.5471
1,122,21.5509,5.65322,4.2475,68.5483
1,122.2,21.5254,5.66576,4.25887,68.55
1,122.4,21.4996,5.67819,4.27019,68.552
1,122.6,21.4736,5.69052,4.28147,68.5544
1,122.8,21.4475,5.70274,4.29271,68.5571
1,123,21.4211,5.71485,4.30389,68.5602
1,123.2,21.3945,5.72684,4.31503,68.5637
1,123.4,21.3677,5.73872,4.32612,68.5675
1,123.6,21.3407,5.75049,4.33716,68.5717
1,123.8,21.3135,5.76213,4.34814,68.5762
1,124,21.2862,5.77366,4.35907,68.5811
1,124.2,21.2587,5.78507,4.36994,68.5863
1,124.4,21.231,5.79636,4.38076,68.5919
1,124.6,21.2031,5.80752,4.39152,68.5978
1,124.8,21.1751,5.81856,4.40222,68.6041
1,125,21.147,5.82947,4.41286,68.6107
1,125.2,21.1187,5.84026,4.42343,68.6176
1,125.4,21.0903,5.85092,4.43394,68.6249
1,125.6,21.0617,5.86144,4.44438,68.6325
1,125.8,21.033,5.87184,4.45476,68.6404
1,126,21.0042,5.88211,4.46507,68.6487
1,126.2,20.9752,5.89224,4.47531,68.6572
1,126.4,20.9462,5.90223,4.48548,68.6661
1,126.6,20.917,5.91209,4.49557,68.6753
1,126.8,20.8877,5.92182,4.50559,68.6849
1,127,20.8584,5.9314,4.51554,68.6947
1,127.2,20.8289,5.94085,4.52541,68.7048
1,127.4,20.7994,5.95016,4.5352,68.7153
1,127.6,20.7698,5.95933,4.54492,68.726
1,127.8,20.7401,5.96835,4.55455,68.737
1,128,20.7103,5.97723,4.56411,68.7484
1,128.2,20.6805,5.98597,4.57358,68.76
1,128.4,20.6506,5.99457,4.58296,68.7719
1,128.6,20.6206,6.00302,4.59227,68.7841
1,128.8,20.5906,6.01132,4.60148,68.7966
1,129,20.5606,6.01948,4.61061,68.8093
1,129.2,20.5305,6.02749,4.61966,68.8223
1,129.4,20.5004,6.03536,4.62861,68.8356
1,129.6,20.4703,6.04307,4.63747,68.8492
1,129.8,20.4401,6.05064,4.64624,68.863
1,130,20.4099,6.05805,4.65492,68.8771
1,130.2,20.3797,6.06532,4.66351,68.8914
1,130.4,20.3495,6.07244,4.672,68.906
1,130.6,20.3193,6.0794,4.6804,68.9209
1,130.8,20.2891,6.08622,4.6887,68.9359
1,131,20.2589,6.09288,4.6969,68.9513
1,131.2,20.2288,6.09939,4.70501,68.9668
1,131.4,20.1986,6.10575,4.71301,68.9826
1,131.6,20.1684,6.11196,4.72092,68.9987
1,131.8,20.1383,6.11801,4.72873,69.0149
1,132,20.1082,6.12392,4.73644,69.0314
1,132.2,20.0782,6.12966,4.74404,69.0481
1,132.4,20.0482,6.13526,4.75154,69.065
1,132.6,20.0182,6.1407,4.75894,69.0822
1,132.8,19.9883,6.146,4.76623,69.0995
1,133,19.9584,6.15113,4.77342,69.1171
1,133.2,19.9286,6.15612,4.7805,69.1348
1,133.4,19.8988,6.16095,4.78748,69.1527
1,133.6,19.8691,6.16563,4.79435,69.1709
1,133.8,19.8395,6.17016,4.80111,69.1892
1,134,19.81,6.17453,4.80777,69.2077
1,134.2,19.7805,6.17876,4.81432,69.2264
1,134.4,19.7512,6.18283,4.82075,69.2453
1,134.6,19.7219,6.18675,4.82708,69.2643
1,134.8,19.6927,6.19052,4.8333,69.2835
1,135,19.6636,6.19414,4.83941,69.3029
1,135.2,19.6346,6.19761,4.84541,69.3224
1,135.4,19.6057,6.20093,4.85129,69.3421
1,135.6,19.5769,6.2041,4.85707,69.3619
1,135.8,19.5482,6.20712,4.86273,69.3819
1,136,19.5196,6.20999,4.86828,69.4021
1,136.2,19.4912,6.21271,4.87372,69.4224
1,136.4,19.4629,6.21529,4.87905,69.4428
1,136.6,19.4347,6.21772,4.88426,69.4633
1,136.8,19.4066,6.22001,4.88936,69.484
1,137,19.3787,6.22215,4.89435,69.5048
1,137.2,19.3509,6.22414,4.89923,69.5258
1,137.4,19.3232,6.22599,4.90399,69.5468
1,137.6,19.2957,6.2277,4.90863,69.568
1,137.8,19.2683,6.22927,4.91317,69.5892
1,138,19.2411,6.23069,4.91759,69.6106
1,138.2,19.214,6.23198,4.92189,69.6321
1,138.4,19.1871,6.23313,4.92609,69.6537
1,138.6,19.1603,6.23413,4.93017,69.6754
1,138.8,19.1338,6.235,4.93413,69.6971
1,139,19.1073,6.23573,4.93798,69.719
1,139.2,19.081,6.23633,4.94172,69.7409
1,139.4,19.055,6.23679,4.94535,69.7629
1,139.6,19.029,6.23712,4.94886,69.785
1,139.8,19.0033,6.23732,4.95226,69.8071
1,140,18.9777,6.23738,4.95554,69.8294
1,140.2,18.9523,6.23732,4.95872,69.8517
1,140.4,18.9271,6.23712,4.96178,69.874
1,140.6,18.9021,6.2368,4.96473,69.8964
1,140.8,18.8772,6.23634,4.96757,69.9189
1,141,18.8526,6.23577,4.97029,69.9414
1,141.2,18.8281,6.23507,4.97291,69.9639
1,141.4,18.8039,6.23424,4.97541,69.9865
1,141.6,18.7798,6.23329,4.97781,70.0091
1,141.8,18.7559,6.23222,4.98009,70.0318
1,142,18.7323,6.23104,4.98226,70.0544
1,142.2,18.7088,6.22973,4.98433,70.0772
1,142.4,18.6855,6.22831,4.98629,70.0999
1,142.6,18.6625,6.22677,4.98813,70.1226
1,142.8,18.6396,6.22511,4.98987,70.1454
1,143,18.617,6.22334,4.99151,70.1682
1,143.2,18.5945,6.22147,4.99304,70.191
1,143.4,18.5723,6.21948,4.99446,70.2138
1,143.6,18.5503,6.21738,4.99577,70.2365
1,143.8,18.5285,6.21517,4.99698,70.2593
1,144,18.5069,6.21286,4.99809,70.2821
1,144.2,18.4856,6.21044,4.99909,70.3049
1,144.4,18.4644,6.20792,4.99999,70.3276
1,144.6,18.4435,6.2053,5.00079,70.3504
1,144.8,18.4228,6.20257,5.00148,70.3731
1,145,18.4024,6.19975,5.00208,70.3958
1,145.2,18.3821,6.19683,5.00257,70.4185
1,145.4,18.3621,6.19381,5.00297,70.4411
1,145.6,18.3423,6.1907,5.00326,70.4637
1,145.8,18.3227,6.18749,5.00346,70.4863
1,146,18.3034,6.1842,5.00356,70.5089
1,146.2,18.2843,6.18081,5.00357,70.5314
1,146.4,18.2654,6.17733,5.00348,70.5538
1,146.6,18.2467,6.17377,5.00329,70.5762
1,146.8,18.2283,6.17012,5.00301,70.5986
1,147,18.2101,6.16639,5.00264,70.6209
1,147.2,18.1922,6.16257,5.00218,70.6431
1,147.4,18.1744,6.15867,5.00162,70.6653
1,147.6,18.1569,6.15469,5.00098,70.6874
1,147.8,18.1397,6.15063,5.00024,70.7094
1,148,18.1227,6.1465,4.99942,70.7314
1,148.2,18.1059,6.14229,4.9985,70.7533
1,148.4,18.0893,6.13801,4.99751,70.7752
1,148.6,18.073,6.13365,4.99642,70.7969
1,148.8,18.0569,6.12923,4.99525,70.8186
1,149,18.041,6.12473,4.994,70.8402
1,149.2,18.0254,6.12017,4.99266,70.8617
1,149.4,18.01,6.11554,4.99124,70.8832
1,149.6,17.9949,6.11084,4.98974,70.9045
1,149.8,17.98,6.10608,4.98816,70.9258
1,150,17.9653,6.10126,4.9865,70.9469
1,150.2,17.9509,6.09638,4.98477,70.968
1,150.4,17.9367,6.09144,4.98295,70.9889
1,150.6,17.9227,6.08644,4.98106,71.0098
1,150.8,17.909,6.08138,4.9791,71.0305
1,151,17.8955,6.07628,4.97706,71.0512
1,151.2,17.8822,6.07111,4.97495,71.0717
1,151.4,17.8692,6.0659,4.97277,71.0922
1,151.6,17.8564,6.06063,4.97051,71.1125
1,151.8,17.8438,6.05532,4.96819,71.1327
1,152,17.8315,6.04996,4.9658,71.1528
1,152.2,17.8194,6.04455,4.96334,71.1727
1,152.4,17.8075,6.0391,4.96081,71.1926
1,152.6,17.7959,6.0336,4.95822,71.2123
1,152.8,17.7845,6.02807,4.95556,71.2319
1,153,17.7733,6.02249,4.95284,71.2513
1,153.2,17.7624,6.01687,4.95006,71.2707
1,153.4,17.7517,6.01122,4.94721,71.2899
1,153.6,17.7412,6.00553,4.94431,71.309
1,153.8,17.7309,5.9998,4.94134,71.3279
1,154,17.7209,5.99404,4.93832,71.3467
1,154.2,17.7111,5.98825,4.93524,71.3654
1,154.4,17.7015,5.98242,4.93211,71.3839
1,154.6,17.6922,5.97657,4.92892,71.4023
1,154.8,17.683,5.97069,4.92567,71.4206
1,155,17.6741,5.96478,4.92238,71.4387
1,155.2,17.6655,5.95884,4.91903,71.4567
1,155.4,17.657,5.95288,4.91563,71.4745
1,155.6,17.6487,5.9469,4.91218,71.4922
1,155.8,17.6407,5.9409,4.90869,71.5097
1,156,17.6329,5.93487,4.90514,71.5271
1,156.2,17.6253,5.92882,4.90155,71.5443
1,156.4,17.618,5.92276,4.89792,71.5614
1,156.6,17.6108,5.91667,4.89424,71.5783
1,156.8,17.6039,5.91058,4.89051,71.595
1,157,17.5971,5.90446,4.88675,71.6117
1,157.2,17.5906,5.89833,4.88294,71.6281
1,157.4,17.5843,5.89219,4.8791,71.6444
1,157.6,17.5782,5.88604,4.87521,71.6605
1,157.8,17.5723,5.87988,4.87129,71.6765
1,158,17.5667,5.87371,4.86733,71.6923
1,158.2,17.5612,5.86753,4.86333,71.708
1,158.4,17.5559,5.86134,4.8593,71.7235
1,158.6,17.5508,5.85515,4.85523,71.7388
1,158.8,17.546,5.84895,4.85113,71.7539
1,159,17.5413,5.84274,4.847,71.7689
1,159.2,17.5368,5.83654,4.84284,71.7838
1,159.4,17.5326,5.83033,4.83865,71.7984
1,159.6,17.5285,5.82412,4.83443,71.8129
1,159.8,17.5246,5.81791,4.83018,71.8273
1,160,17.521,5.8117,4.82591,71.8414
1,160.2,17.5175,5.8055,4.82161,71.8554
1,160.4,17.5142,5.79929,4.81728,71.8693
1,160.6,17.5111,5.79309,4.81293,71.8829
1,160.8,17.5081,5.7869,4.80856,71.8964
1,161,17.5054,5.78071,4.80416,71.9097
1,161.2,17.5029,5.77453,4.79975,71.9229
1,161.4,17.5005,5.76835,4.79531,71.9358
1,161.6,17.4983,5.76219,4.79085,71.9486
1,161.8,17.4963,5.75603,4.78638,71.9613
1,162,17.4945,5.74988,4.78188,71.9737
1,162.2,17.4929,5.74374,4.77737,71.986
1,162.4,17.4914,5.73762,4.77285,71.9981
1,162.6,17.4901,5.73151,4.76831,72.01
1,162.8,17.489,5.72541,4.76375,72.0218
1,163,17.4881,5.71932,4.75919,72.0334
1,163.2,17.4873,5.71325,4.75461,72.0448
1,163.4,17.4867,5.7072,4.75001,72.0561
1,163.6,17.4863,5.70116,4.74541,72.0672
1,163.8,17.486,5.69514,4.7408,72.0781
1,164,17.4859,5.68913,4.73618,72.0888
1,164.2,17.486,5.68315,4.73155,72.0993
1,164.4,17.4862,5.67718,4.72691,72.1097
1,164.6,17.4866,5.67124,4.72227,72.1199
1,164.8,17.4871,5.66531,4.71762,72.13
1,165,17.4878,5.65941,4.71296,72.1398
1,165.2,17.4887,5.65353,4.7083,72.1495
1,165.4,17.4897,5.64767,4.70364,72.159
1,165.6,17.4908,5.64183,4.69898,72.1684
1,165.8,17.4921,5.63602,4.69431,72.1776
1,166,17.4936,5.63023,4.68964,72.1866
1,166.2,17.4952,5.62446,4.68497,72.1954
1,166.4,17.4969,5.61873,4.6803,72.2041
1,166.6,17.4988,5.61301,4.67564,72.2126
1,166.8,17.5008,5.60733,4.67097,72.2209
1,167,17.503,5.60167,4.66631,72.229
1,167.2,17.5053,5.59604,4.66165,72.237
1,167.4,17.5078,5.59044,4.65699,72.2448
1,167.6,17.5103,5.58486,4.65234,72.2525
1,167.8,17.5131,5.57932,4.64769,72.2599
1,168,17.5159,5.5738,4.64305,72.2672
1,168.2,17.5189,5.56832,4.63841,72.2744
1,168.4,17.522,5.56287,4.63378,72.2814
1,168.6,17.5252,5.55744,4.62916,72.2882
1,168.8,17.5286,5.55205,4.62455,72.2948
1,169,17.5321,5.54669,4.61994,72.3013
1,169.2,17.5357,5.54137,4.61535,72.3076
1,169.4,17.5394,5.53607,4.61076,72.3138
1,169.6,17.5432,5.53081,4.60619,72.3198
1,169.8,17.5472,5.52558,4.60162,72.3256
1,170,17.5513,5.52039,4.59707,72.3313
1,170.2,17.5555,5.51523,4.59253,72.3368
1,170.4,17.5598,5.51011,4.588,72.3421
1,170.6,17.5642,5.50502,4.58349,72.3473
1,170.8,17.5687,5.49997,4.57899,72.3523
1,171,17.5733,5.49495,4.5745,72.3572
1,171.2,17.5781,5.48997,4.57003,72.3619
1,171.4,17.5829,5.48502,4.56558,72.3665
1,171.6,17.5879,5.48012,4.56114,72.3709
1,171.8,17.5929,5.47524,4.55671,72.3751
1,172,17.5981,5.47041,4.55231,72.3792
1,172.2,17.6033,5.46561,4.54792,72.3832
1,172.4,17.6086,5.46086,4.54355,72.387
1,172.6,17.6141,5.45614,4.53919,72.3906
1,172.8,17.6196,5.45145,4.53486,72.3941
1,173,17.6252,5.44681,4.53054,72.3974
1,173.2,17.6309,5.44221,4.52624,72.4006
1,173.4,17.6367,5.43764,4.52197,72.4037
1,173.6,17.6426,5.43312,4.51771,72.4066
1,173.8,17.6486,5.42863,4.51348,72.4093
1,174,17.6546,5.42418,4.50926,72.4119
1,174.2,17.6608,5.41978,4.50507,72.4144
1,174.4,17.667,5.41541,4.5009,72.4167
1,174.6,17.6733,5.41108,4.49675,72.4189
1,174.8,17.6797,5.4068,4.49262,72.4209
1,175,17.6861,5.40255,4.48852,72.4228
1,175.2,17.6926,5.39835,4.48444,72.4246
1,175.4,17.6992,5.39419,4.48038,72.4262
1,175.6,17.7059,5.39006,4.47635,72.4277
1,175.8,17.7126,5.38598,4.47234,72.4291
1,176,17.7194,5.38194,4.46836,72.4303
1,176.2,17.7263,5.37795,4.4644,72.4314
1,176.4,17.7332,5.37399,4.46046,72.4323
1,176.6,17.7402,5.37008,4.45655,72.4331
1,176.8,17.7473,5.3662,4.45267,72.4338
1,177,17.7544,5.36237,4.44882,72.4344
1,177.2,17.7616,5.35858,4.44499,72.4348
1,177.4,17.7688,5.35484,4.44118,72.4352
1,177.6,17.7761,5.35113,4.43741,72.4353
1,177.8,17.7835,5.34747,4.43366,72.4354
1,178,17.7909,5.34385,4.42993,72.4353
1,178.2,17.7983,5.34028,4.42624,72.4352
1,178.4,17.8058,5.33674,4.42257,72.4348
1,178.6,17.8134,5.33325,4.41894,72.4344
1,178.8,17.821,5.3298,4.41533,72.4339
1,179,17.8286,5.32639,4.41174,72.4332
1,179.2,17.8363,5.32303,4.40819,72.4324
1,179.4,17.8441,5.31971,4.40467,72.4316
1,179.6,17.8519,5.31643,4.40117,72.4306
1,179.8,17.8597,5.31319,4.39771,72.4294
1,180,17.8675,5.31,4.39427,72.4282
1,180.2,17.8754,5.30684,4.39086,72.4269
1,180.4,17.8834,5.30374,4.38749,72.4254
1,180.6,17.8913,5.30067,4.38414,72.4239
1,180.8,17.8993,5.29765,4.38082,72.4222
1,181,17.9074,5.29467,4.37754,72.4204
1,181.2,17.9154,5.29173,4.37428,72.4186
1,181.4,17.9235,5.28883,4.37106,72.4166
1,181.6,17.9316,5.28598,4.36786,72.4145
1,181.8,17.9398,5.28317,4.3647,72.4123
1,182,17.948,5.2804,4.36156,72.4101
1,182.2,17.9562,5.27768,4.35846,72.4077
1,182.4,17.9644,5.27499,4.35539,72.4052
1,182.6,17.9727,5.27235,4.35235,72.4026
1,182.8,17.9809,5.26975,4.34934,72.4
1,183,17.9892,5.2672,4.34637,72.3972
1,183.2,17.9975,5.26468,4.34342,72.3944
1,183.4,18.0058,5.26221,4.34051,72.3914
1,183.6,18.0142,5.25978,4.33763,72.3884
1,183.8,18.0225,5.25739,4.33478,72.3853
1,184,18.0309,5.25505,4.33196,72.3821
1,184.2,18.0393,5.25274,4.32918,72.3788
1,184.4,18.0477,5.25048,4.32642,72.3754
1,184.6,18.0561,5.24826,4.3237,72.372
1,184.8,18.0645,5.24608,4.32101,72.3684
1,185,18.0729,5.24394,4.31836,72.3648
1,185.2,18.0813,5.24184,4.31573,72.3611
1,185.4,18.0897,5.23978,4.31314,72.3573
1,185.6,18.0982,5.23777,4.31058,72.3535
1,185.8,18.1066,5.23579,4.30805,72.3495
1,186,18.1151,5.23386,4.30556,72.3455
1,186.2,18.1235,5.23197,4.30309,72.3415
1,186.4,18.1319,5.23011,4.30066,72.3373
1,186.6,18.1404,5.2283,4.29826,72.3331
1,186.8,18.1488,5.22653,4.2959,72.3288
1,187,18.1572,5.2248,4.29356,72.3244
1,187.2,18.1657,5.2231,4.29126,72.32
1,187.4,18.1741,5.22145,4.28899,72.3155
1,187.6,18.1825,5.21984,4.28676,72.3109
1,187.8,18.1909,5.21827,4.28455,72.3063
1,188,18.1993,5.21673,4.28238,72.3016
1,188.2,18.2077,5.21524,4.28024,72.2968
1,188.4,18.2161,5.21378,4.27814,72.292
1,188.6,18.2244,5.21237,4.27606,72.2872
1,188.8,18.2328,5.21099,4.27402,72.2822
1,189,18.2411,5.20965,4.27201,72.2772
1,189.2,18.2494,5.20835,4.27003,72.2722
1,189.4,18.2577,5.20708,4.26809,72.2671
1,189.6,18.266,5.20586,4.26618,72.2619
1,189.8,18.2743,5.20467,4.26429,72.2567
1,190,18.2826,5.20352,4.26245,72.2515
1,190.2,18.2908,5.20241,4.26063,72.2462
1,190.4,18.299,5.20134,4.25884,72.2408
1,190.6,18.3072,5.2003,4.25709,72.2354
1,190.8,18.3154,5.1993,4.25537,72.23
1,191,18.3235,5.19833,4.25368,72.2245
1,191.2,18.3317,5.19741,4.25202,72.2189
1,191.4,18.3398,5.19651,4.25039,72.2133
1,191.6,18.3478,5.19566,4.2488,72.2077
1,191.8,18.3559,5.19484,4.24724,72.202
1,192,18.3639,5.19406,4.2457,72.1963
1,192.2,18.3719,5.19331,4.2442,72.1906
1,192.4,18.3799,5.1926,4.24273,72.1848
1,192.6,18.3878,5.19192,4.24129,72.179
1,192.8,18.3957,5.19128,4.23989,72.1731
1,193,18.4036,5.19067,4.23851,72.1673
1,193.2,18.4114,5.19009,4.23716,72.1613
1,193.4,18.4192,5.18955,4.23585,72.1554
1,193.6,18.427,5.18905,4.23456,72.1494
1,193.8,18.4347,5.18858,4.23331,72.1434
1,194,18.4424,5.18814,4.23209,72.1373
1,194.2,18.4501,5.18773,4.23089,72.1313
1,194.4,18.4578,5.18736,4.22973,72.1252
1,194.6,18.4654,5.18702,4.22859,72.119
1,194.8,18.4729,5.18672,4.22749,72.1129
1,195,18.4804,5.18644,4.22642,72.1067
1,195.2,18.4879,5.1862,4.22537,72.1005
1,195.4,18.4954,5.18599,4.22436,72.0943
1,195.6,18.5028,5.18581,4.22337,72.088
1,195.8,18.5101,5.18567,4.22242,72.0818
1,196,18.5174,5.18555,4.22149,72.0755
1,196.2,18.5247,5.18547,4.22059,72.0692
1,196.4,18.532,5.18542,4.21972,72.0629
1,196.6,18.5392,5.18539,4.21888,72.0566
1,196.8,18.5463,5.1854,4.21807,72.0502
1,197,18.5534,5.18544,4.21729,72.0439
1,197.2,18.5605,5.1855,4.21653,72.0375
1,197.4,18.5675,5.1856,4.21581,72.0311
1,197.6,18.5744,5.18573,4.21511,72.0247
1,197.8,18.5814,5.18588,4.21444,72.0183
1,198,18.5882,5.18606,4.2138,72.0119
1,198.2,18.5951,5.18628,4.21318,72.0055
1,198.4,18.6018,5.18652,4.21259,71.9991
1,198.6,18.6086,5.18678,4.21203,71.9926
1,198.8,18.6152,5.18708,4.2115,71.9862
1,199,18.6219,5.1874,4.21099,71.9797
1,199.2,18.6285,5.18775,4.21051,71.9733
1,199.4,18.635,5.18813,4.21006,71.9668
1,199.6,18.6415,5.18853,4.20963,71.9604
1,199.8,18.6479,5.18896,4.20923,71.9539
1,200,18.6543,5.18942,4.20885,71.9475
1,200.2,18.6606,5.1899,4.2085,71.941
1,200.4,18.6668,5.19041,4.20818,71.9346
1,200.6,18.6731,5.19095,4.20788,71.9281
1,200.8,18.6792,5.1915,4.20761,71.9217
1,201,18.6853,5.19209,4.20736,71.9152
1,201.2,18.6914,5.1927,4.20714,71.9088
1,201.4,18.6974,5.19333,4.20694,71.9024
1,201.6,18.7033,5.19398,4.20677,71.8959
1,201.8,18.7092,5.19466,4.20662,71.8895
1,202,18.715,5.19537,4.2065,71.8831
1,202.2,18.7208,5.19609,4.2064,71.8767
1,202.4,18.7265,5.19684,4.20632,71.8703
1,202.6,18.7322,5.19762,4.20627,71.8639
1,202.8,18.7378,5.19841,4.20624,71.8576
1,203,18.7433,5.19923,4.20624,71.8512
1,203.2,18.7488,5.20007,4.20626,71.8449
1,203.4,18.7543,5.20093,4.2063,71.8385
1,203.6,18.7596,5.20181,4.20636,71.8322
1,203.8,18.7649,5.20271,4.20645,71.8259
1,204,18.7702,5.20363,4.20656,71.8196
1,204.2,18.7754,5.20458,4.20669,71.8133
1,204.4,18.7805,5.20554,4.20684,71.8071
1,204.6,18.7856,5.20652,4.20702,71.8008
1,204.8,18.7906,5.20753,4.20721,71.7946
1,205,18.7956,5.20855,4.20743,71.7884
1,205.2,18.8005,5.20959,4.20767,71.7822
1,205.4,18.8053,5.21065,4.20793,71.7761
1,205.6,18.8101,5.21173,4.20821,71.7699
1,205.8,18.8148,5.21283,4.20851,71.7638
1,206,18.8195,5.21394,4.20883,71.7577
1,206.2,18.8241,5.21508,4.20918,71.7517
1,206.4,18.8286,5.21623,4.20954,71.7456
1,206.6,18.8331,5.2174,4.20992,71.7396
1,206.8,18.8375,5.21858,4.21032,71.7336
1,207,18.8419,5.21978,4.21074,71.7276
1,207.2,18.8462,5.221,4.21118,71.7217
1,207.4,18.8504,5.22223,4.21164,71.7157
1,207.6,18.8546,5.22348,4.21212,71.7098
1,207.8,18.8587,5.22474,4.21262,71.704
1,208,18.8627,5.22602,4.21313,71.6981
1,208.2,18.8667,5.22732,4.21366,71.6923
1,208.4,18.8706,5.22863,4.21421,71.6865
1,208.6,18.8745,5.22995,4.21478,71.6808
1,208.8,18.8783,5.23129,4.21537,71.675
1,209,18.882,5.23264,4.21597,71.6694
1,209.2,18.8857,5.23401,4.21659,71.6637
1,209.4,18.8893,5.23538,4.21723,71.6581
1,209.6,18.8929,5.23678,4.21788,71.6525
1,209.8,18.8964,5.23818,4.21855,71.6469
1,210,18.8998,5.2396,4.21924,71.6414
1,210.2,18.9032,5.24102,4.21994,71.6359
1,210.4,18.9065,5.24246,4.22066,71.6304
1,210.6,18.9097,5.24392,4.22139,71.625
1,210.8,18.9129,5.24538,4.22214,71.6196
1,211,18.916,5.24685,4.22291,71.6142
1,211.2,18.9191,5.24834,4.22369,71.6089
1,211.4,18.9221,5.24984,4.22448,71.6036
1,211.6,18.925,5.25134,4.22529,71.5984
1,211.8,18.9279,5.25286,4.22611,71.5931
1,212,18.9307,5.25438,4.22695,71.588
1,212.2,18.9335,5.25592,4.2278,71.5828
1,212.4,18.9361,5.25746,4.22866,71.5777
1,212.6,18.9388,5.25901,4.22954,71.5727
1,212.8,18.9413,5.26058,4.23043,71.5676
1,213,18.9439,5.26215,4.23133,71.5627
1,213.2,18.9463,5.26373,4.23225,71.5577
1,213.4,18.9487,5.26531,4.23318,71.5528
1,213.6,18.951,5.2669,4.23412,71.548
1,213.8,18.9533,5.26851,4.23507,71.5431
1,214,18.9555,5.27011,4.23604,71.5383
1,214.2,18.9577,5.27173,4.23702,71.5336
1,214.4,18.9597,5.27335,4.238,71.5289
1,214.6,18.9618,5.27498,4.239,71.5242
1,214.8,18.9637,5.27661,4.24001,71.5196
1,215,18.9657,5.27825,4.24104,71.5151
1,215.2,18.9675,5.2799,4.24207,71.5105
1,215.4,18.9693,5.28155,4.24311,71.506
1,215.6,18.971,5.2832,4.24416,71.5016
1,215.8,18.9727,5.28486,4.24523,71.4972
1,216,18.9743,5.28653,4.2463,71.4928
1,216.2,18.9759,5.28819,4.24738,71.4885
1,216.4,18.9774,5.28987,4.24847,71.4843
1,216.6,18.9788,5.29154,4.24957,71.48
1,216.8,18.9802,5.29322,4.25068,71.4759
1,217,18.9816,5.29491,4.2518,71.4717
1,217.2,18.9828,5.29659,4.25293,71.4676
1,217.4,18.9841,5.29828,4.25406,71.4636
1,217.6,18.9852,5.29997,4.2552,71.4596
1,217.8,18.9863,5.30167,4.25636,71.4556
1,218,18.9874,5.30336,4.25751,71.4517
1,218.2,18.9884,5.30506,4.25868,71.4479
1,218.4,18.9893,5.30676,4.25985,71.444
1,218.6,18.9902,5.30846,4.26103,71.4403
1,218.8,18.9911,5.31016,4.26222,71.4366
1,219,18.9918,5.31186,4.26341,71.4329
1,219.2,18.9926,5.31357,4.26461,71.4292
1,219.4,18.9933,5.31527,4.26582,71.4257
1,219.6,18.9939,5.31697,4.26703,71.4221
1,219.8,18.9944,5.31868,4.26825,71.4186
1,220,18.995,5.32038,4.26947,71.4152
1,220.2,18.9954,5.32208,4.2707,71.4118
1,220.4,18.9958,5.32379,4.27194,71.4084
1,220.6,18.9962,5.32549,4.27318,71.4051
1,220.8,18.9965,5.32719,4.27442,71.4019
1,221,18.9968,5.32889,4.27567,71.3987
1,221.2,18.997,5.33058,4.27692,71.3955
1,221.4,18.9971,5.33228,4.27818,71.3924
1,221.6,18.9973,5.33397,4.27944,71.3893
1,221.8,18.9973,5.33566,4.2807,71.3863
1,222,18.9973,5.33735,4.28197,71.3833
1,222.2,18.9973,5.33904,4.28324,71.3804
1,222.4,18.9972,5.34072,4.28452,71.3775
1,222.6,18.9971,5.3424,4.2858,71.3747
1,222.8,18.9969,5.34408,4.28708,71.3719
1,223,18.9967,5.34575,4.28836,71.3692
1,223.2,18.9964,5.34742,4.28965,71.3665
1,223.4,18.9961,5.34909,4.29093,71.3639
1,223.6,18.9957,5.35075,4.29223,71.3613
1,223.8,18.9953,5.35241,4.29352,71.3587
1,224,18.9949,5.35406,4.29481,71.3563
1,224.2,18.9944,5.35571,4.29611,71.3538
1,224.4,18.9938,5.35735,4.2974,71.3514
1,224.6,18.9933,5.35899,4.2987,71.3491
1,224.8,18.9926,5.36063,4.3,71.3467
1,225,18.992,5.36226,4.3013,71.3445
1,225.2,18.9912,5.36388,4.3026,71.3423
1,225.4,18.9905,5.3655,4.3039,71.3401
1,225.6,18.9897,5.36711,4.3052,71.338
1,225.8,18.9889,5.36871,4.3065,71.3359
1,226,18.988,5.37031,4.3078,71.3339
1,226.2,18.9871,5.37191,4.30911,71.3319
1,226.4,18.9861,5.37349,4.31041,71.33
1,226.6,18.9851,5.37507,4.31171,71.3281
1,226.8,18.9841,5.37664,4.31301,71.3263
1,227,18.983,5.37821,4.3143,71.3245
1,227.2,18.9819,5.37977,4.3156,71.3227
1,227.4,18.9807,5.38132,4.3169,71.321
1,227.6,18.9796,5.38286,4.31819,71.3194
1,227.8,18.9783,5.3844,4.31948,71.3178
1,228,18.9771,5.38593,4.32077,71.3162
1,228.2,18.9758,5.38745,4.32206,71.3147
1,228.4,18.9745,5.38896,4.32335,71.3132
1,228.6,18.9731,5.39046,4.32464,71.3118
1,228.8,18.9717,5.39196,4.32592,71.3104
1,229,18.9703,5.39344,4.3272,71.3091
1,229.2,18.9688,5.39492,4.32848,71.3078
1,229.4,18.9673,5.39639,4.32975,71.3066
1,229.6,18.9658,5.39785,4.33102,71.3054
1,229.8,18.9642,5.3993,4.33229,71.3042
1,230,18.9626,5.40075,4.33355,71.3031
1,230.2,18.961,5.40218,4.33482,71.302
1,230.4,18.9593,5.4036,4.33607,71.301
1,230.6,18.9577,5.40502,4.33733,71.3
1,230.8,18.9559,5.40642,4.33858,71.2991
1,231,18.9542,5.40781,4.33983,71.2982
1,231.2,18.9524,5.4092,4.34107,71.2973
1,231.4,18.9506,5.41057,4.34231,71.2965
1,231.6,18.9488,5.41194,4.34354,71.2957
1,231.8,18.9469,5.41329,4.34477,71.295
1,232,18.9451,5.41463,4.34599,71.2943
1,232.2,18.9432,5.41597,4.34721,71.2937
1,232.4,18.9412,5.41729,4.34843,71.2931
1,232.6,18.9393,5.4186,4.34964,71.2925
1,232.8,18.9373,5.4199,4.35084,71.292
1,233,18.9353,5.42119,4.35204,71.2915
1,233.2,18.9332,5.42247,4.35324,71.2911
1,233.4,18.9312,5.42374,4.35443,71.2907
1,233.6,18.9291,5.425,4.35561,71.2903
1,233.8,18.927,5.42624,4.35679,71.29
1,234,18.9249,5.42748,4.35796,71.2897
1,234.2,18.9227,5.4287,4.35912,71.2894
1,234.4,18.9206,5.42991,4.36028,71.2892
1,234.6,18.9184,5.43111,4.36143,71.2891
1,234.8,18.9162,5.4323,4.36258,71.2889
1,235,18.9139,5.43348,4.36372,71.2889
1,235.2,18.9117,5.43464,4.36485,71.2888
1,235.4,18.9094,5.43579,4.36598,71.2888
1,235.6,18.9072,5.43693,4.3671,71.2888
1,235.8,18.9049,5.43806,4.36821,71.2889
1,236,18.9025,5.43918,4.36932,71.289
1,236.2,18.9002,5.44029,4.37042,71.2891
1,236.4,18.8978,5.44138,4.37151,71.2893
1,236.6,18.8955,5.44246,4.3726,71.2895
1,236.8,18.8931,5.44353,4.37367,71.2897
1,237,18.8907,5.44458,4.37474,71.29
1,237.2,18.8883,5.44563,4.37581,71.2903
1,237.4,18.8859,5.44666,4.37686,71.2906
1,237.6,18.8834,5.44767,4.37791,71.291
1,237.8,18.881,5.44868,4.37895,71.2914
1,238,18.8785,5.44967,4.37998,71.2918
1,238.2,18.876,5.45065,4.381,71.2923
1,238.4,18.8735,5.45162,4.38202,71.2928
1,238.6,18.871,5.45258,4.38303,71.2934
1,238.8,18.8685,5.45352,4.38403,71.2939
1,239,18.866,5.45445,4.38502,71.2945
1,239.2,18.8635,5.45537,4.386,71.2952
1,239.4,18.8609,5.45627,4.38698,71.2958
1,239.6,18.8584,5.45716,4.38794,71.2965
1,239.8,18.8558,5.45804,4.3889,71.2973
1,240,18.8532,5.45891,4.38985,71.298
1,240.2,18.8506,5.45976,4.39079,71.2988
1,240.4,18.8481,5.4606,4.39172,71.2996
1,240.6,18.8455,5.46143,4.39264,71.3005
1,240.8,18.8429,5.46224,4.39356,71.3013
1,241,18.8403,5.46304,4.39446,71.3022
1,241.2,18.8376,5.46383,4.39536,71.3032
1,241.4,18.835,5.46461,4.39625,71.3041
1,241.6,18.8324,5.46537,4.39712,71.3051
1,241.8,18.8298,5.46612,4.39799,71.3061
1,242,18.8271,5.46685,4.39885,71.3072
1,242.2,18.8245,5.46758,4.3997,71.3082
1,242.4,18.8219,5.46829,4.40054,71.3093
1,242.6,18.8192,5.46898,4.40138,71.3104
1,242.8,18.8166,5.46967,4.4022,71.3116
1,243,18.8139,5.47034,4.40301,71.3127
1,243.2,18.8113,5.471,4.40382,71.3139
1,243.4,18.8086,5.47164,4.40461,71.3151
1,243.6,18.806,5.47228,4.4054,71.3164
1,243.8,18.8033,5.47289,4.40617,71.3176
1,244,18.8007,5.4735,4.40694,71.3189
1,244.2,18.798,5.47409,4.40769,71.3202
1,244.4,18.7954,5.47468,4.40844,71.3215
1,244.6,18.7927,5.47524,4.40918,71.3229
1,244.8,18.79,5.4758,4.40991,71.3242
1,245,18.7874,5.47634,4.41062,71.3256
1,245.2,18.7847,5.47687,4.41133,71.327
1,245.4,18.7821,5.47739,4.41203,71.3285
1,245.6,18.7795,5.47789,4.41272,71.3299
1,245.8,18.7768,5.47838,4.4134,71.3314
1,246,18.7742,5.47886,4.41407,71.3329
1,246.2,18.7715,5.47933,4.41473,71.3344
1,246.4,18.7689,5.47978,4.41538,71.3359
1,246.6,18.7663,5.48022,4.41602,71.3375
1,246.8,18.7637,5.48065,4.41665,71.339
1,247,18.761,5.48107,4.41727,71.3406
1,247.2,18.7584,5.48147,4.41788,71.3422
1,247.4,18.7558,5.48186,4.41848,71.3438
1,247.6,18.7532,5.48224,4.41907,71.3455
1,247.8,18.7506,5.48261,4.41965,71.3471
1,248,18.748,5.48296,4.42022,71.3488
1,248.2,18.7454,5.48331,4.42078,71.3505
1,248.4,18.7429,5.48364,4.42133,71.3522
1,248.6,18.7403,5.48395,4.42187,71.3539
1,248.8,18.7377,5.48426,4.4224,71.3556
1,249,18.7352,5.48455,4.42292,71.3573
1,249.2,18.7326,5.48484,4.42343,71.3591
1,249.4,18.7301,5.48511,4.42394,71.3609
1,249.6,18.7276,5.48537,4.42443,71.3626
1,249.8,18.7251,5.48561,4.42491,71.3644
1,250,18.7226,5.48585,4.42538,71.3662
1,250.2,18.7201,5.48607,4.42584,71.368
1,250.4,18.7176,5.48628,4.4263,71.3699
1,250.6,18.7151,5.48648,4.42674,71.3717
1,250.8,18.7126,5.48667,4.42717,71.3735
1,251,18.7102,5.48685,4.4276,71.3754
1,251.2,18.7077,5.48702,4.42801,71.3773
1,251.4,18.7053,5.48717,4.42841,71.3791
1,251.6,18.7028,5.48731,4.42881,71.381
1,251.8,18.7004,5.48745,4.42919,71.3829
1,252,18.698,5.48757,4.42957,71.3848
1,252.2,18.6956,5.48768,4.42993,71.3868
1,252.4,18.6933,5.48778,4.43029,71.3887
1,252.6,18.6909,5.48787,4.43063,71.3906
1,252.8,18.6885,5.48795,4.43097,71.3925
1,253,18.6862,5.48802,4.4313,71.3945
1,253.2,18.6839,5.48807,4.43161,71.3964
1,253.4,18.6816,5.48812,4.43192,71.3984
1,253.6,18.6793,5.48816,4.43222,71.4004
1,253.8,18.677,5.48818,4.43251,71.4023
1,254,18.6747,5.4882,4.43279,71.4043
1,254.2,18.6724,5.4882,4.43306,71.4063
1,254.4,18.6702,5.4882,4.43332,71.4083
1,254.6,18.668,5.48819,4.43357,71.4103
1,254.8,18.6658,5.48816,4.43382,71.4123
1,255,18.6636,5.48813,4.43405,71.4143
1,255.2,18.6614,5.48808,4.43428,71.4163
1,255.4,18.6592,5.48803,4.43449,71.4183
1,255.6,18.6571,5.48797,4.4347,71.4203
1,255.8,18.6549,5.4879,4.4349,71.4223
1,256,18.6528,5.48781,4.43509,71.4243
1,256.2,18.6507,5.48772,4.43527,71.4263
1,256.4,18.6486,5.48762,4.43544,71.4283
1,256.6,18.6465,5.48751,4.4356,71.4303
1,256.8,18.6445,5.48739,4.43575,71.4324
1,257,18.6424,5.48727,4.4359,71.4344
1,257.2,18.6404,5.48713,4.43603,71.4364
1,257.4,18.6384,5.48699,4.43616,71.4384
1,257.6,18.6364,5.48683,4.43628,71.4405
1,257.8,18.6345,5.48667,4.43639,71.4425
1,258,18.6325,5.4865,4.43649,71.4445
1,258.2,18.6306,5.48632,4.43659,71.4465
1,258.4,18.6287,5.48613,4.43667,71.4485
1,258.6,18.6268,5.48594,4.43675,71.4506
1,258.8,18.6249,5.48573,4.43682,71.4526
1,259,18.623,5.48552,4.43688,71.4546
1,259.2,18.6212,5.4853,4.43693,71.4566
1,259.4,18.6193,5.48507,4.43698,71.4586
1,259.6,18.6175,5.48484,4.43702,71.4606
1,259.8,18.6157,5.4846,4.43704,71.4626
1,260,18.614,5.48435,4.43707,71.4646
1,260.2,18.6122,5.48409,4.43708,71.4666
1,260.4,18.6105,5.48382,4.43708,71.4686
1,260.6,18.6087,5.48355,4.43708,71.4706
1,260.8,18.607,5.48327,4.43707,71.4726
1,261,18.6054,5.48299,4.43706,71.4746
1,261.2,18.6037,5.48269,4.43703,71.4766
1,261.4,18.6021,5.48239,4.437,71.4785
1,261.6,18.6004,5.48209,4.43696,71.4805
1,261.8,18.5988,5.48177,4.43691,71.4825
1,262,18.5972,5.48145,4.43686,71.4844
1,262.2,18.5957,5.48113,4.4368,71.4864
1,262.4,18.5941,5.4808,4.43673,71.4883
1,262.6,18.5926,5.48046,4.43666,71.4903
1,262.8,18.5911,5.48011,4.43657,71.4922
1,263,18.5896,5.47976,4.43649,71.4941
1,263.2,18.5881,5.4794,4.43639,71.4961
1,263.4,18.5867,5.47904,4.43629,71.498
1,263.6,18.5853,5.47867,4.43618,71.4999
1,263.8,18.5838,5.4783,4.43606,71.5018
1,264,18.5825,5.47792,4.43594,71.5037
1,264.2,18.5811,5.47754,4.43581,71.5056
1,264.4,18.5797,5.47715,4.43568,71.5074
1,264.6,18.5784,5.47675,4.43554,71.5093
1,264.8,18.5771,5.47635,4.43539,71.5112
1,265,18.5758,5.47594,4.43524,71.513
1,265.2,18.5745,5.47553,4.43508,71.5149
1,265.4,18.5733,5.47512,4.43491,71.5167
1,265.6,18.572,5.4747,4.43474,71.5185
1,265.8,18.5708,5.47427,4.43456,71.5203
1,266,18.5696,5.47384,4.43438,71.5221
1,266.2,18.5685,5.47341,4.43419,71.5239
1,266.4,18.5673,5.47297,4.434,71.5257
1,266.6,18.5662,5.47253,4.4338,71.5275
1,266.8,18.5651,5.47208,4.43359,71.5293
1,267,18.564,5.47163,4.43338,71.531
1,267.2,18.5629,5.47118,4.43316,71.5328
1,267.4,18.5618,5.47072,4.43294,71.5345
1,267.6,18.5608,5.47026,4.43272,71.5362
1,267.8,18.5598,5.46979,4.43248,71.5379
1,268,18.5588,5.46932,4.43225,71.5396
1,268.2,18.5578,5.46885,4.432,71.5413
1,268.4,18.5569,5.46837,4.43176,71.543
1,268.6,18.5559,5.46789,4.43151,71.5447
1,268.8,18.555,5.46741,4.43125,71.5463
1,269,18.5541,5.46693,4.43099,71.548
1,269.2,18.5532,5.46644,4.43072,71.5496
1,269.4,18.5524,5.46595,4.43045,71.5512
1,269.6,18.5515,5.46545,4.43018,71.5528
1,269.8,18.5507,5.46495,4.4299,71.5544
1,270,18.5499,5.46446,4.42962,71.556
1,270.2,18.5491,5.46395,4.42933,71.5576
1,270.4,18.5484,5.46345,4.42904,71.5592
1,270.6,18.5476,5.46294,4.42874,71.5607
1,270.8,18.5469,5.46243,4.42844,71.5622
1,271,18.5462,5.46192,4.42814,71.5638
1,271.2,18.5455,5.46141,4.42783,71.5653
1,271.4,18.5448,5.46089,4.42752,71.5668
1,271.6,18.5442,5.46037,4.42721,71.5682
1,271.8,18.5435,5.45985,4.42689,71.5697
1,272,18.5429,5.45933,4.42656,71.5712
1,272.2,18.5423,5.45881,4.42624,71.5726
1,272.4,18.5418,5.45829,4.42591,71.574
1,272.6,18.5412,5.45776,4.42558,71.5754
1,272.8,18.5407,5.45723,4.42524,71.5768
1,273,18.5402,5.45671,4.4249,71.5782
1,273.2,18.5397,5.45618,4.42456,71.5796
1,273.4,18.5392,5.45565,4.42422,71.581
1,273.6,18.5387,5.45511,4.42387,71.5823
1,273.8,18.5383,5.45458,4.42352,71.5836
1,274,18.5378,5.45405,4.42317,71.585
1,274.2,18.5374,5.45351,4.42281,71.5863
1,274.4,18.537,5.45298,4.42245,71.5875
1,274.6,18.5366,5.45244,4.42209,71.5888
1,274.8,18.5363,5.45191,4.42173,71.5901
1,275,18.5359,5.45137,4.42136,71.5913
1,275.2,18.5356,5.45083,4.42099,71.5926
1,275.4,18.5353,5.45029,4.42062,71.5938
1,275.6,18.535,5.44976,4.42025,71.595
1,275.8,18.5347,5.44922,4.41987,71.5962
1,276,18.5345,5.44868,4.4195,71.5973
1,276.2,18.5343,5.44814,4.41912,71.5985
1,276.4,18.534,5.4476,4.41873,71.5996
1,276.6,18.5338,5.44707,4.41835,71.6008
1,276.8,18.5336,5.44653,4.41797,71.6019
1,277,18.5335,5.44599,4.41758,71.603
1,277.2,18.5333,5.44545,4.41719,71.6041
1,277.4,18.5332,5.44492,4.4168,71.6051
1,277.6,18.533,5.44438,4.41641,71.6062
1,277.8,18.5329,5.44385,4.41602,71.6072
1,278,18.5328,5.44331,4.41562,71.6082
1,278.2,18.5328,5.44278,4.41523,71.6092
1,278.4,18.5327,5.44224,4.41483,71.6102
1,278.6,18.5326,5.44171,4.41443,71.6112
1,278.8,18.5326,5.44118,4.41403,71.6122
1,279,18.5326,5.44065,4.41363,71.6131
1,279.2,18.5326,5.44012,4.41323,71.6141
1,279.4,18.5326,5.43959,4.41283,71.615
1,279.6,18.5326,5.43906,4.41242,71.6159
1,279.8,18.5327,5.43854,4.41202,71.6168
1,280,18.5327,5.43801,4.41161,71.6176
1,280.2,18.5328,5.43749,4.41121,71.6185
1,280.4,18.5329,5.43696,4.4108,71.6193
1,280.6,18.533,5.43644,4.4104,71.6202
1,280.8,18.5331,5.43592,4.40999,71.621
1,281,18.5332,5.43541,4.40958,71.6218
1,281.2,18.5334,5.43489,4.40917,71.6226
1,281.4,18.5335,5.43438,4.40876,71.6233
1,281.6,18.5337,5.43386,4.40836,71.6241
1,281.8,18.5339,5.43335,4.40795,71.6248
1,282,18.5341,5.43284,4.40754,71.6255
1,282.2,18.5343,5.43234,4.40713,71.6262
1,282.4,18.5345,5.43183,4.40672,71.6269
1,282.6,18.5347,5.43133,4.40631,71.6276
1,282.8,18.535,5.43083,4.4059,71.6283
1,283,18.5352,5.43033,4.40549,71.6289
1,283.2,18.5355,5.42983,4.40508,71.6296
1,283.4,18.5358,5.42934,4.40467,71.6302
1,283.6,18.5361,5.42884,4.40427,71.6308
1,283.8,18.5364,5.42835,4.40386,71.6314
1,284,18.5367,5.42786,4.40345,71.632
1,284.2,18.5371,5.42738,4.40304,71.6325
1,284.4,18.5374,5.4269,4.40264,71.6331
1,284.6,18.5378,5.42642,4.40223,71.6336
1,284.8,18.5381,5.42594,4.40182,71.6341
1,285,18.5385,5.42546,4.40142,71.6346
1,285.2,18.5389,5.42499,4.40102,71.6351
1,285.4,18.5393,5.42452,4.40061,71.6356
1,285.6,18.5397,5.42405,4.40021,71.636
1,285.8,18.5401,5.42359,4.39981,71.6365
1,286,18.5405,5.42313,4.39941,71.6369
1,286.2,18.541,5.42267,4.39901,71.6373
1,286.4,18.5414,5.42221,4.39861,71.6378
1,286.6,18.5419,5.42176,4.39821,71.6381
1,286.8,18.5424,5.42131,4.39781,71.6385
1,287,18.5428,5.42086,4.39742,71.6389
1,287.2,18.5433,5.42042,4.39702,71.6392
1,287.4,18.5438,5.41998,4.39663,71.6396
1,287.6,18.5443,5.41954,4.39624,71.6399
1,287.8,18.5448,5.41911,4.39585,71.6402
1,288,18.5454,5.41868,4.39546,71.6405
1,288.2,18.5459,5.41825,4.39507,71.6408
1,288.4,18.5464,5.41782,4.39469,71.641
1,288.6,18.547,5.4174,4.3943,71.6413
1,288.8,18.5476,5.41698,4.39392,71.6415
1,289,18.5481,5.41657,4.39354,71.6418
1,289.2,18.5487,5.41615,4.39316,71.642
1,289.4,18.5493,5.41575,4.39278,71.6422
1,289.6,18.5499,5.41534,4.3924,71.6424
1,289.8,18.5505,5.41494,4.39202,71.6426
1,290,18.5511,5.41454,4.39165,71.6427
1,290.2,18.5517,5.41415,4.39128,71.6429
1,290.4,18.5523,5.41376,4.39091,71.643
1,290.6,18.5529,5.41337,4.39054,71.6431
1,290.8,18.5536,5.41298,4.39018,71.6433
1,291,18.5542,5.4126,4.38981,71.6434
1,291.2,18.5549,5.41223,4.38945,71.6435
1,291.4,18.5555,5.41185,4.38909,71.6435
1,291.6,18.5562,5.41148,4.38873,71.6436
1,291.8,18.5568,5.41112,4.38837,71.6437
1,292,18.5575,5.41076,4.38802,71.6437
1,292.2,18.5582,5.4104,4.38767,71.6437
1,292.4,18.5589,5.41004,4.38732,71.6438
1,292.6,18.5596,5.40969,4.38697,71.6438
1,292.8,18.5603,5.40934,4.38663,71.6438
1,293,18.561,5.409,4.38628,71.6437
1,293.2,18.5617,5.40866,4.38594,71.6437
1,293.4,18.5624,5.40832,4.3856,71.6437
1,293.6,18.5631,5.40799,4.38527,71.6436
1,293.8,18.5638,5.40766,4.38493,71.6436
1,294,18.5646,5.40734,4.3846,71.6435
1,294.2,18.5653,5.40702,4.38427,71.6434
1,294.4,18.566,5.4067,4.38395,71.6433
1,294.6,18.5668,5.40639,4.38362,71.6432
1,294.8,18.5675,5.40608,4.3833,71.6431
1,295,18.5682,5.40577,4.38298,71.643
1,295.2,18.569,5.40547,4.38266,71.6429
1,295.4,18.5697,5.40517,4.38235,71.6427
1,295.6,18.5705,5.40488,4.38204,71.6426
1,295.8,18.5713,5.40459,4.38173,71.6424
1,296,18.572,5.4043,4.38142,71.6422
1,296.2,18.5728,5.40402,4.38112,71.6421
1,296.4,18.5736,5.40375,4.38082,71.6419
1,296.6,18.5743,5.40347,4.38052,71.6417
1,296.8,18.5751,5.4032,4.38022,71.6415
1,297,18.5759,5.40294,4.37993,71.6412
1,297.2,18.5767,5.40267,4.37964,71.641
1,297.4,18.5775,5.40241,4.37935,71.6408
1,297.6,18.5782,5.40216,4.37907,71.6405
1,297.8,18.579,5.40191,4.37878,71.6403
1,298,18.5798,5.40166,4.3785,71.64
1,298.2,18.5806,5.40142,4.37823,71.6397
1,298.4,18.5814,5.40118,4.37795,71.6395
1,298.6,18.5822,5.40095,4.37768,71.6392
1,298.8,18.583,5.40072,4.37741,71.6389
1,299,18.5838,5.40049,4.37715,71.6386
1,299.2,18.5846,5.40027,4.37689,71.6382
1,299.4,18.5854,5.40005,4.37663,71.6379
1,299.6,18.5862,5.39984,4.37637,71.6376
1,299.8,18.587,5.39963,4.37612,71.6373
